-- 1) Таблица категорий объявлений

INSERT INTO ad_category (id,name,parent_id,created_at,updated_at,is_deleted,deleted_at) VALUES 
(1,'Недвижемость',NULL,'2020-12-26 00:58:08.000','2020-12-26 00:58:08.000',0,NULL)
,(2,'Транспорт',NULL,'2020-12-26 00:58:08.000','2020-12-26 00:58:08.000',0,NULL)
,(3,'Личные вещи',NULL,'2020-12-26 00:58:08.000','2020-12-26 00:58:08.000',0,NULL)
,(4,'Для дома и дачи',NULL,'2020-12-26 00:58:08.000','2020-12-26 00:58:08.000',0,NULL)
,(5,'Бытовая электроника',NULL,'2020-12-26 00:58:08.000','2020-12-26 00:58:08.000',0,NULL)
,(6,'Хобби и Отдых',NULL,'2020-12-26 00:58:08.000','2020-12-26 00:58:08.000',0,NULL)
,(7,'Животные',NULL,'2020-12-26 00:58:08.000','2020-12-26 00:58:08.000',0,NULL)
,(8,'Вакансии',NULL,'2020-12-26 00:58:08.000','2020-12-26 00:58:08.000',0,NULL)
,(9,'Услуги',NULL,'2020-12-26 00:58:08.000','2020-12-26 00:58:08.000',0,NULL)
,(10,'Бизнес',NULL,'2020-12-26 00:58:08.000','2020-12-26 00:58:08.000',0,NULL)
;
INSERT INTO ad_category (id,name,parent_id,created_at,updated_at,is_deleted,deleted_at) VALUES 
(11,'Квартиры',1,'2020-12-26 00:58:08.000','2020-12-26 00:58:08.000',0,NULL)
,(12,'Квартиры в аренду',1,'2020-12-26 00:58:08.000','2020-12-26 00:58:08.000',0,NULL)
,(13,'Квартиры посуточно',1,'2020-12-26 00:58:08.000','2020-12-26 00:58:08.000',0,NULL)
,(14,'Комнаты',1,'2020-12-26 00:58:08.000','2020-12-26 00:58:08.000',0,NULL)
,(15,'Дом, дача, коттедж',1,'2020-12-26 00:58:08.000','2020-12-26 00:58:08.000',0,NULL)
,(16,'Участок',1,'2020-12-26 00:58:08.000','2020-12-26 00:58:08.000',0,NULL)
,(17,'Коммерческая недвижимость',1,'2020-12-26 00:58:08.000','2020-12-26 00:58:08.000',0,NULL)
,(18,'Автомобили',2,'2020-12-26 00:58:08.000','2020-12-26 00:58:08.000',0,NULL)
,(19,'Мотоциклы и мототехника',2,'2020-12-26 00:58:08.000','2020-12-26 00:58:08.000',0,NULL)
,(20,'Грузовики и спецтехника',2,'2020-12-26 00:58:08.000','2020-12-26 00:58:08.000',0,NULL)
;
INSERT INTO ad_category (id,name,parent_id,created_at,updated_at,is_deleted,deleted_at) VALUES 
(21,'Водный транспорт',2,'2020-12-26 00:58:08.000','2020-12-26 00:58:08.000',0,NULL)
,(22,'Запчасти и аксессуары',2,'2020-12-26 00:58:08.000','2020-12-26 00:58:08.000',0,NULL)
,(23,'Багги',19,'2020-12-26 00:58:08.000','2020-12-26 00:58:08.000',0,NULL)
,(24,'Вездеходы',19,'2020-12-26 00:58:08.000','2020-12-26 00:58:08.000',0,NULL)
,(25,'Картинг',19,'2020-12-26 00:58:08.000','2020-12-26 00:58:08.000',0,NULL)
,(26,'Квадроциклы',19,'2020-12-26 00:58:08.000','2020-12-26 00:58:08.000',0,NULL)
,(27,'Мопеды и скутеры',19,'2020-12-26 00:58:08.000','2020-12-26 00:58:08.000',0,NULL)
,(28,'Мотоциклы',19,'2020-12-26 00:58:08.000','2020-12-26 00:58:08.000',0,NULL)
,(29,'Снегоходы',19,'2020-12-26 00:58:08.000','2020-12-26 00:58:08.000',0,NULL)
,(30,'Автобусы',20,'2020-12-26 00:58:08.000','2020-12-26 00:58:08.000',0,NULL)
;
INSERT INTO ad_category (id,name,parent_id,created_at,updated_at,is_deleted,deleted_at) VALUES 
(31,'Автодома',20,'2020-12-26 00:58:08.000','2020-12-26 00:58:08.000',0,NULL)
,(32,'Автокраны',20,'2020-12-26 00:58:08.000','2020-12-26 00:58:08.000',0,NULL)
,(33,'Бульдозеры',20,'2020-12-26 00:58:08.000','2020-12-26 00:58:08.000',0,NULL)
,(34,'Грузовики',20,'2020-12-26 00:58:08.000','2020-12-26 00:58:08.000',0,NULL)
,(35,'Коммунальная техника',20,'2020-12-26 00:58:08.000','2020-12-26 00:58:08.000',0,NULL)
,(36,'Лёгкий транспорт',20,'2020-12-26 00:58:08.000','2020-12-26 00:58:08.000',0,NULL)
,(37,'Погрузчики',20,'2020-12-26 00:58:08.000','2020-12-26 00:58:08.000',0,NULL)
,(38,'Прицепы',20,'2020-12-26 00:58:08.000','2020-12-26 00:58:08.000',0,NULL)
,(39,'Сельхозтехника',20,'2020-12-26 00:58:08.000','2020-12-26 00:58:08.000',0,NULL)
,(40,'Строительная техника',20,'2020-12-26 00:58:08.000','2020-12-26 00:58:08.000',0,NULL)
;
INSERT INTO ad_category (id,name,parent_id,created_at,updated_at,is_deleted,deleted_at) VALUES 
(41,'Техника для лесозаготовки',20,'2020-12-26 00:58:08.000','2020-12-26 00:58:08.000',0,NULL)
,(42,'Тягачи',20,'2020-12-26 00:58:08.000','2020-12-26 00:58:08.000',0,NULL)
,(43,'Экскаваторы',20,'2020-12-26 00:58:08.000','2020-12-26 00:58:08.000',0,NULL)
,(44,'Одежда, обувь, аксессуары',3,'2020-12-26 00:58:08.000','2020-12-26 00:58:08.000',0,NULL)
,(45,'Детская одежда и обувь',3,'2020-12-26 00:58:08.000','2020-12-26 00:58:08.000',0,NULL)
,(46,'Товары для детей и игрушки',3,'2020-12-26 00:58:08.000','2020-12-26 00:58:08.000',0,NULL)
,(47,'Часы и украшения',3,'2020-12-26 00:58:08.000','2020-12-26 00:58:08.000',0,NULL)
,(48,'Красота и здоровье',3,'2020-12-26 00:58:08.000','2020-12-26 00:58:08.000',0,NULL)
,(49,'Женская одежда',44,'2020-12-26 00:58:08.000','2020-12-26 00:58:08.000',0,NULL)
,(50,'Мужская одежда',44,'2020-12-26 00:58:08.000','2020-12-26 00:58:08.000',0,NULL)
;
INSERT INTO ad_category (id,name,parent_id,created_at,updated_at,is_deleted,deleted_at) VALUES 
(51,'Аксессуары',44,'2020-12-26 00:58:08.000','2020-12-26 00:58:08.000',0,NULL)
,(52,'Брюки',49,'2020-12-26 00:58:08.000','2020-12-26 00:58:08.000',0,NULL)
,(53,'Верхняя одежда',49,'2020-12-26 00:58:08.000','2020-12-26 00:58:08.000',0,NULL)
,(54,'Джинсы',49,'2020-12-26 00:58:08.000','2020-12-26 00:58:08.000',0,NULL)
,(55,'Купальники',49,'2020-12-26 00:58:08.000','2020-12-26 00:58:08.000',0,NULL)
,(56,'Нижнее бельё',49,'2020-12-26 00:58:08.000','2020-12-26 00:58:08.000',0,NULL)
,(57,'Обувь',49,'2020-12-26 00:58:08.000','2020-12-26 00:58:08.000',0,NULL)
,(58,'Пиджаки и костюмы',49,'2020-12-26 00:58:08.000','2020-12-26 00:58:08.000',0,NULL)
,(59,'Платья и юбки',49,'2020-12-26 00:58:08.000','2020-12-26 00:58:08.000',0,NULL)
,(60,'Рубашки и блузки',49,'2020-12-26 00:58:08.000','2020-12-26 00:58:08.000',0,NULL)
;
INSERT INTO ad_category (id,name,parent_id,created_at,updated_at,is_deleted,deleted_at) VALUES 
(61,'Свадебные платья',49,'2020-12-26 00:58:08.000','2020-12-26 00:58:08.000',0,NULL)
,(62,'Топы и футболки',49,'2020-12-26 00:58:08.000','2020-12-26 00:58:08.000',0,NULL)
,(63,'Трикотаж',49,'2020-12-26 00:58:08.000','2020-12-26 00:58:08.000',0,NULL)
,(64,'Другое',49,'2020-12-26 00:58:08.000','2020-12-26 00:58:08.000',0,NULL)
,(65,'Брюки',50,'2020-12-26 00:58:08.000','2020-12-26 00:58:08.000',0,NULL)
,(66,'Верхняя одежда',50,'2020-12-26 00:58:08.000','2020-12-26 00:58:08.000',0,NULL)
,(67,'Джинсы',50,'2020-12-26 00:58:08.000','2020-12-26 00:58:08.000',0,NULL)
,(68,'Обувь',50,'2020-12-26 00:58:08.000','2020-12-26 00:58:08.000',0,NULL)
,(69,'Пиджаки и костюмы',50,'2020-12-26 00:58:08.000','2020-12-26 00:58:08.000',0,NULL)
,(70,'Рубашки',50,'2020-12-26 00:58:08.000','2020-12-26 00:58:08.000',0,NULL)
;
INSERT INTO ad_category (id,name,parent_id,created_at,updated_at,is_deleted,deleted_at) VALUES 
(71,'Трикотаж и футболки',50,'2020-12-26 00:58:08.000','2020-12-26 00:58:08.000',0,NULL)
,(72,'Другое',50,'2020-12-26 00:58:08.000','2020-12-26 00:58:08.000',0,NULL)
;

-- 2) Пользователи
INSERT INTO ad_db.users (name,user_type,phone,photo_filename,created_at,updated_at) VALUES 
('Продавец01','Частное лицо','+79053654501','/users/user0101','2020-12-26 00:49:45.000','2020-12-26 00:49:45.000')
,('Перекуп01','Частное лицо','+79050014501','/users/user0201','2020-12-26 00:49:45.000','2020-12-26 00:49:45.000')
,('Спекулянт01','Частное лицо','+79256586801','/users/user0301','2020-12-26 00:49:45.000','2020-12-26 00:49:45.000')
,('Барахольщик01','Частное лицо','+79010079401','/users/user0401','2020-12-26 00:49:45.000','2020-12-26 00:49:45.000')
,('Покупатель01','Частное лицо','+79069671401','/users/user0501','2020-12-26 00:49:45.000','2020-12-26 00:49:45.000')
,('Скидочник01','Частное лицо','+79263687401','/users/user0601','2020-12-26 00:49:45.000','2020-12-26 00:49:45.000')
,('БУшник01','Частное лицо','+79059862101','/users/user0701','2020-12-26 00:49:45.000','2020-12-26 00:49:45.000')
,('Плюшкин01','Частное лицо','+79071145201','/users/user0801','2020-12-26 00:49:45.000','2020-12-26 00:49:45.000')
,('Фирма01','Компания','+79007006001','/users/user0901','2020-12-26 00:49:45.000','2020-12-26 00:49:45.000')
,('За три копейки01','Компания','+79984563201','/users/user1001','2020-12-26 00:49:45.000','2020-12-26 00:49:45.000')
;
INSERT INTO ad_db.users (name,user_type,phone,photo_filename,created_at,updated_at) VALUES 
('Продавец02','Частное лицо','+79053654502','/users/user0102','2020-12-26 00:49:45.000','2020-12-26 00:49:45.000')
,('Перекуп02','Частное лицо','+79050014502','/users/user0202','2020-12-26 00:49:45.000','2020-12-26 00:49:45.000')
,('Спекулянт02','Частное лицо','+79256586802','/users/user0302','2020-12-26 00:49:45.000','2020-12-26 00:49:45.000')
,('Барахольщик02','Частное лицо','+79010079402','/users/user0402','2020-12-26 00:49:45.000','2020-12-26 00:49:45.000')
,('Покупатель02','Частное лицо','+79069671402','/users/user0502','2020-12-26 00:49:45.000','2020-12-26 00:49:45.000')
,('Скидочник02','Частное лицо','+79263687402','/users/user0602','2020-12-26 00:49:45.000','2020-12-26 00:49:45.000')
,('БУшник02','Частное лицо','+79059862102','/users/user0702','2020-12-26 00:49:45.000','2020-12-26 00:49:45.000')
,('Плюшкин02','Частное лицо','+79071145202','/users/user0802','2020-12-26 00:49:45.000','2020-12-26 00:49:45.000')
,('Фирма02','Компания','+79007006002','/users/user0902','2020-12-26 00:49:45.000','2020-12-26 00:49:45.000')
,('За три копейки02','Компания','+79984563202','/users/user1002','2020-12-26 00:49:45.000','2020-12-26 00:49:45.000')
;
INSERT INTO ad_db.users (name,user_type,phone,photo_filename,created_at,updated_at) VALUES 
('Продавец03','Частное лицо','+79053654503','/users/user0103','2020-12-26 00:49:45.000','2020-12-26 00:49:45.000')
,('Перекуп03','Частное лицо','+79050014503','/users/user0203','2020-12-26 00:49:45.000','2020-12-26 00:49:45.000')
,('Спекулянт03','Частное лицо','+79256586803','/users/user0303','2020-12-26 00:49:45.000','2020-12-26 00:49:45.000')
,('Барахольщик03','Частное лицо','+79010079403','/users/user0403','2020-12-26 00:49:45.000','2020-12-26 00:49:45.000')
,('Покупатель03','Частное лицо','+79069671403','/users/user0503','2020-12-26 00:49:45.000','2020-12-26 00:49:45.000')
,('Скидочник03','Частное лицо','+79263687403','/users/user0603','2020-12-26 00:49:45.000','2020-12-26 00:49:45.000')
,('БУшник03','Частное лицо','+79059862103','/users/user0703','2020-12-26 00:49:45.000','2020-12-26 00:49:45.000')
,('Плюшкин03','Частное лицо','+79071145203','/users/user0803','2020-12-26 00:49:45.000','2020-12-26 00:49:45.000')
,('Фирма03','Компания','+79007006003','/users/user0903','2020-12-26 00:49:45.000','2020-12-26 00:49:45.000')
,('За три копейки03','Компания','+79984563203','/users/user1003','2020-12-26 00:49:45.000','2020-12-26 00:49:45.000')
;
INSERT INTO ad_db.users (name,user_type,phone,photo_filename,created_at,updated_at) VALUES 
('Продавец04','Частное лицо','+79053654504','/users/user0104','2020-12-26 00:49:45.000','2020-12-26 00:49:45.000')
,('Перекуп04','Частное лицо','+79050014504','/users/user0204','2020-12-26 00:49:45.000','2020-12-26 00:49:45.000')
,('Спекулянт04','Частное лицо','+79256586804','/users/user0304','2020-12-26 00:49:45.000','2020-12-26 00:49:45.000')
,('Барахольщик04','Частное лицо','+79010079404','/users/user0404','2020-12-26 00:49:45.000','2020-12-26 00:49:45.000')
,('Покупатель04','Частное лицо','+79069671404','/users/user0504','2020-12-26 00:49:45.000','2020-12-26 00:49:45.000')
,('Скидочник04','Частное лицо','+79263687404','/users/user0604','2020-12-26 00:49:45.000','2020-12-26 00:49:45.000')
,('БУшник04','Частное лицо','+79059862104','/users/user0704','2020-12-26 00:49:45.000','2020-12-26 00:49:45.000')
,('Плюшкин04','Частное лицо','+79071145204','/users/user0804','2020-12-26 00:49:45.000','2020-12-26 00:49:45.000')
,('Фирма04','Компания','+79007006004','/users/user0904','2020-12-26 00:49:45.000','2020-12-26 00:49:45.000')
,('За три копейки04','Компания','+79984563204','/users/user1004','2020-12-26 00:49:45.000','2020-12-26 00:49:45.000')
;
INSERT INTO ad_db.users (name,user_type,phone,photo_filename,created_at,updated_at) VALUES 
('Продавец05','Частное лицо','+79053654505','/users/user0105','2020-12-26 00:49:45.000','2020-12-26 00:49:45.000')
,('Перекуп05','Частное лицо','+79050014505','/users/user0205','2020-12-26 00:49:45.000','2020-12-26 00:49:45.000')
,('Спекулянт05','Частное лицо','+79256586805','/users/user0305','2020-12-26 00:49:45.000','2020-12-26 00:49:45.000')
,('Барахольщик05','Частное лицо','+79010079405','/users/user0405','2020-12-26 00:49:45.000','2020-12-26 00:49:45.000')
,('Покупатель05','Частное лицо','+79069671405','/users/user0505','2020-12-26 00:49:45.000','2020-12-26 00:49:45.000')
,('Скидочник05','Частное лицо','+79263687405','/users/user0605','2020-12-26 00:49:45.000','2020-12-26 00:49:45.000')
,('БУшник05','Частное лицо','+79059862105','/users/user0705','2020-12-26 00:49:45.000','2020-12-26 00:49:45.000')
,('Плюшкин05','Частное лицо','+79071145205','/users/user0805','2020-12-26 00:49:45.000','2020-12-26 00:49:45.000')
,('Фирма05','Компания','+79007006005','/users/user0905','2020-12-26 00:49:45.000','2020-12-26 00:49:45.000')
,('За три копейки05','Компания','+79984563205','/users/user1005','2020-12-26 00:49:45.000','2020-12-26 00:49:45.000')
;
INSERT INTO ad_db.users (name,user_type,phone,photo_filename,created_at,updated_at) VALUES 
('Продавец06','Частное лицо','+79053654506','/users/user0106','2020-12-26 00:49:45.000','2020-12-26 00:49:45.000')
,('Перекуп06','Частное лицо','+79050014506','/users/user0206','2020-12-26 00:49:45.000','2020-12-26 00:49:45.000')
,('Спекулянт06','Частное лицо','+79256586806','/users/user0306','2020-12-26 00:49:45.000','2020-12-26 00:49:45.000')
,('Барахольщик06','Частное лицо','+79010079406','/users/user0406','2020-12-26 00:49:45.000','2020-12-26 00:49:45.000')
,('Покупатель06','Частное лицо','+79069671406','/users/user0506','2020-12-26 00:49:45.000','2020-12-26 00:49:45.000')
,('Скидочник06','Частное лицо','+79263687406','/users/user0606','2020-12-26 00:49:45.000','2020-12-26 00:49:45.000')
,('БУшник06','Частное лицо','+79059862106','/users/user0706','2020-12-26 00:49:45.000','2020-12-26 00:49:45.000')
,('Плюшкин06','Частное лицо','+79071145206','/users/user0806','2020-12-26 00:49:45.000','2020-12-26 00:49:45.000')
,('Фирма06','Компания','+79007006006','/users/user0906','2020-12-26 00:49:45.000','2020-12-26 00:49:45.000')
,('За три копейки06','Компания','+79984563206','/users/user1006','2020-12-26 00:49:45.000','2020-12-26 00:49:45.000')
;
INSERT INTO ad_db.users (name,user_type,phone,photo_filename,created_at,updated_at) VALUES 
('Продавец07','Частное лицо','+79053654507','/users/user0107','2020-12-26 00:49:45.000','2020-12-26 00:49:45.000')
,('Перекуп07','Частное лицо','+79050014507','/users/user0207','2020-12-26 00:49:45.000','2020-12-26 00:49:45.000')
,('Спекулянт07','Частное лицо','+79256586807','/users/user0307','2020-12-26 00:49:45.000','2020-12-26 00:49:45.000')
,('Барахольщик07','Частное лицо','+79010079407','/users/user0407','2020-12-26 00:49:45.000','2020-12-26 00:49:45.000')
,('Покупатель07','Частное лицо','+79069671407','/users/user0507','2020-12-26 00:49:45.000','2020-12-26 00:49:45.000')
,('Скидочник07','Частное лицо','+79263687407','/users/user0607','2020-12-26 00:49:45.000','2020-12-26 00:49:45.000')
,('БУшник07','Частное лицо','+79059862107','/users/user0707','2020-12-26 00:49:45.000','2020-12-26 00:49:45.000')
,('Плюшкин07','Частное лицо','+79071145207','/users/user0807','2020-12-26 00:49:45.000','2020-12-26 00:49:45.000')
,('Фирма07','Компания','+79007006007','/users/user0907','2020-12-26 00:49:45.000','2020-12-26 00:49:45.000')
,('За три копейки07','Компания','+79984563207','/users/user1007','2020-12-26 00:49:45.000','2020-12-26 00:49:45.000')
;
INSERT INTO ad_db.users (name,user_type,phone,photo_filename,created_at,updated_at) VALUES 
('Продавец08','Частное лицо','+79053654508','/users/user0108','2020-12-26 00:49:45.000','2020-12-26 00:49:45.000')
,('Перекуп08','Частное лицо','+79050014508','/users/user0208','2020-12-26 00:49:45.000','2020-12-26 00:49:45.000')
,('Спекулянт08','Частное лицо','+79256586808','/users/user0308','2020-12-26 00:49:45.000','2020-12-26 00:49:45.000')
,('Барахольщик08','Частное лицо','+79010079408','/users/user0408','2020-12-26 00:49:45.000','2020-12-26 00:49:45.000')
,('Покупатель08','Частное лицо','+79069671408','/users/user0508','2020-12-26 00:49:45.000','2020-12-26 00:49:45.000')
,('Скидочник08','Частное лицо','+79263687408','/users/user0608','2020-12-26 00:49:45.000','2020-12-26 00:49:45.000')
,('БУшник08','Частное лицо','+79059862108','/users/user0708','2020-12-26 00:49:45.000','2020-12-26 00:49:45.000')
,('Плюшкин08','Частное лицо','+79071145208','/users/user0808','2020-12-26 00:49:45.000','2020-12-26 00:49:45.000')
,('Фирма08','Компания','+79007006008','/users/user0908','2020-12-26 00:49:45.000','2020-12-26 00:49:45.000')
,('За три копейки08','Компания','+79984563208','/users/user1008','2020-12-26 00:49:45.000','2020-12-26 00:49:45.000')
;
INSERT INTO ad_db.users (name,user_type,phone,photo_filename,created_at,updated_at) VALUES 
('Продавец09','Частное лицо','+79053654509','/users/user0109','2020-12-26 00:49:45.000','2020-12-26 00:49:45.000')
,('Перекуп09','Частное лицо','+79050014509','/users/user0209','2020-12-26 00:49:45.000','2020-12-26 00:49:45.000')
,('Спекулянт09','Частное лицо','+79256586809','/users/user0309','2020-12-26 00:49:45.000','2020-12-26 00:49:45.000')
,('Барахольщик09','Частное лицо','+79010079409','/users/user0409','2020-12-26 00:49:45.000','2020-12-26 00:49:45.000')
,('Покупатель09','Частное лицо','+79069671409','/users/user0509','2020-12-26 00:49:45.000','2020-12-26 00:49:45.000')
,('Скидочник09','Частное лицо','+79263687409','/users/user0609','2020-12-26 00:49:45.000','2020-12-26 00:49:45.000')
,('БУшник09','Частное лицо','+79059862109','/users/user0709','2020-12-26 00:49:45.000','2020-12-26 00:49:45.000')
,('Плюшкин09','Частное лицо','+79071145209','/users/user0809','2020-12-26 00:49:45.000','2020-12-26 00:49:45.000')
,('Фирма09','Компания','+79007006009','/users/user0909','2020-12-26 00:49:45.000','2020-12-26 00:49:45.000')
,('За три копейки09','Компания','+79984563209','/users/user1009','2020-12-26 00:49:45.000','2020-12-26 00:49:45.000')
;
INSERT INTO ad_db.users (name,user_type,phone,photo_filename,created_at,updated_at) VALUES 
('Продавец10','Частное лицо','+79053654510','/users/user0110','2020-12-26 00:49:45.000','2020-12-26 00:49:45.000')
,('Перекуп10','Частное лицо','+79050014510','/users/user0210','2020-12-26 00:49:45.000','2020-12-26 00:49:45.000')
,('Спекулянт10','Частное лицо','+79256586810','/users/user0310','2020-12-26 00:49:45.000','2020-12-26 00:49:45.000')
,('Барахольщик10','Частное лицо','+79010079410','/users/user0410','2020-12-26 00:49:45.000','2020-12-26 00:49:45.000')
,('Покупатель10','Частное лицо','+79069671410','/users/user0510','2020-12-26 00:49:45.000','2020-12-26 00:49:45.000')
,('Скидочник10','Частное лицо','+79263687410','/users/user0610','2020-12-26 00:49:45.000','2020-12-26 00:49:45.000')
,('БУшник10','Частное лицо','+79059862110','/users/user0710','2020-12-26 00:49:45.000','2020-12-26 00:49:45.000')
,('Плюшкин10','Частное лицо','+79071145210','/users/user0810','2020-12-26 00:49:45.000','2020-12-26 00:49:45.000')
,('Фирма10','Компания','+79007006010','/users/user0910','2020-12-26 00:49:45.000','2020-12-26 00:49:45.000')
,('За три копейки10','Компания','+79984563210','/users/user1010','2020-12-26 00:49:45.000','2020-12-26 00:49:45.000')
;

-- 3) Объявления

INSERT INTO ads (id,headline,category_id,user_id,town,price,description,status,created_at,updated_at) VALUES 
(1,'Квартира_001',11,1,'Moscow',9000000.00,'Хорошая квартира','published','2020-12-26 12:29:28.000','2020-12-26 12:29:28.000')
,(2,'Квартира_002',11,11,'Moscow',7500000.00,'Хорошая квартира','published','2020-12-26 12:29:28.000','2020-12-26 12:29:28.000')
,(3,'Квартира_003',11,21,'Saint Petersburg',6500000.00,'Хорошая квартира','published','2020-12-26 12:29:28.000','2020-12-26 12:29:28.000')
,(4,'Квартира_004',11,31,'Moscow',7600000.00,'Нормальная квартира','published','2020-12-26 12:29:28.000','2020-12-26 12:29:28.000')
,(5,'Квартира_005',11,41,'Tver',3700000.00,'Нормальная квартира','published','2020-12-26 12:29:28.000','2020-12-26 12:29:28.000')
,(6,'Квартира_002',11,51,'Moscow',6500000.00,'Дешевая квартира','sold','2020-12-26 12:29:28.000','2020-12-26 12:29:28.000')
,(7,'Квартира_045',11,61,'Moscow',200000000.00,'Не дешевая квартира','closed','2020-12-26 12:29:28.000','2020-12-26 12:29:28.000')
,(8,'Квартира_015',11,22,'Saint Petersburg',7500000.00,'Хорошая квартира','published','2020-12-26 12:29:28.000','2020-12-26 12:29:28.000')
,(9,'Квартира_901',11,9,'Moscow',9000000.00,'Хорошая квартира','published','2020-12-26 12:29:28.000','2020-12-26 12:29:28.000')
,(10,'Квартира_902',11,9,'Moscow',7500000.00,'Хорошая квартира','sold','2020-12-26 12:29:28.000','2020-12-26 12:29:28.000')
;
INSERT INTO ads (id,headline,category_id,user_id,town,price,description,status,created_at,updated_at) VALUES 
(11,'Квартира_903',11,9,'Moscow',6500000.00,'Хорошая квартира','published','2020-12-26 12:29:28.000','2020-12-26 12:29:28.000')
,(12,'Квартира_904',11,9,'Moscow',7600000.00,'Нормальная квартира','published','2020-12-26 12:29:28.000','2020-12-26 12:29:28.000')
,(13,'Квартира_905',11,9,'Moscow',3700000.00,'Нормальная квартира','published','2020-12-26 12:29:28.000','2020-12-26 12:29:28.000')
,(14,'Квартира_902',11,9,'Moscow',6500000.00,'Дешевая квартира','sold','2020-12-26 12:29:28.000','2020-12-26 12:29:28.000')
,(15,'Квартира_945',11,9,'Moscow',200000000.00,'Не дешевая квартира','published','2020-12-26 12:29:28.000','2020-12-26 12:29:28.000')
,(16,'Квартира_915',11,9,'Moscow',7500000.00,'Хорошая квартира','published','2020-12-26 12:29:28.000','2020-12-26 12:29:28.000')
,(17,'Квартира_1901',11,19,'Saint Petersburg',8000000.00,'Хорошая квартира','published','2020-12-26 12:29:28.000','2020-12-26 12:29:28.000')
,(18,'Квартира_1902',11,19,'Saint Petersburg',5500000.00,'Хорошая квартира','sold','2020-12-26 12:29:28.000','2020-12-26 12:29:28.000')
,(19,'Квартира_1903',11,19,'Saint Petersburg',5700000.00,'Хорошая квартира','published','2020-12-26 12:29:28.000','2020-12-26 12:29:28.000')
,(20,'Квартира_1904',11,19,'Saint Petersburg',3800000.00,'Нормальная квартира','published','2020-12-26 12:29:28.000','2020-12-26 12:29:28.000')
;
INSERT INTO ads (id,headline,category_id,user_id,town,price,description,status,created_at,updated_at) VALUES 
(21,'Квартира_1905',11,19,'Saint Petersburg',3900000.00,'Нормальная квартира','published','2020-12-26 12:29:28.000','2020-12-26 12:29:28.000')
,(22,'Квартира_1902',11,19,'Saint Petersburg',2300000.00,'Дешевая квартира','sold','2020-12-26 12:29:28.000','2020-12-26 12:29:28.000')
,(23,'Квартира_1945',11,19,'Saint Petersburg',150000000.00,'Не дешевая квартира','published','2020-12-26 12:29:28.000','2020-12-26 12:29:28.000')
,(24,'Квартира_1915',11,19,'Saint Petersburg',7500000.00,'Хорошая квартира','published','2020-12-26 12:29:28.000','2020-12-26 12:29:28.000')
,(25,'Авто_001',18,12,'Moscow',830000.00,'Не битый не крашенный','published','2020-12-26 12:45:34.000','2020-12-26 12:45:34.000')
,(26,'Авто_002',18,13,'Moscow',830000.00,'Не битый не крашенный','published','2020-12-26 12:45:34.000','2020-12-26 12:45:34.000')
,(27,'Авто_003',18,14,'Moscow',930000.00,'Не битый не крашенный','published','2020-12-26 12:45:34.000','2020-12-26 12:45:34.000')
,(28,'Авто_004',18,15,'Moscow',930000.00,'Не битый не крашенный','published','2020-12-26 12:45:34.000','2020-12-26 12:45:34.000')
,(29,'Авто_005',18,16,'Moscow',930000.00,'Не битый не крашенный','published','2020-12-26 12:45:34.000','2020-12-26 12:45:34.000')
,(30,'Авто_002',18,17,'Moscow',1030000.00,'Не битый не крашенный','published','2020-12-26 12:45:34.000','2020-12-26 12:45:34.000')
;
INSERT INTO ads (id,headline,category_id,user_id,town,price,description,status,created_at,updated_at) VALUES 
(31,'Авто_045',18,18,'Moscow',1030000.00,'Не битый не крашенный','published','2020-12-26 12:45:34.000','2020-12-26 12:45:34.000')
,(32,'Авто_015',18,20,'Moscow',1030000.00,'Не битый не крашенный','published','2020-12-26 12:45:34.000','2020-12-26 12:45:34.000')
,(33,'Авто_901',18,20,'Moscow',1030000.00,'Не битый не крашенный','published','2020-12-26 12:45:34.000','2020-12-26 12:45:34.000')
,(34,'Авто_902',18,20,'Moscow',1030000.00,'Не битый не крашенный','published','2020-12-26 12:45:34.000','2020-12-26 12:45:34.000')
,(35,'Авто_903',18,20,'Moscow',1030000.00,'Не битый не крашенный','published','2020-12-26 12:45:34.000','2020-12-26 12:45:34.000')
,(36,'Авто_904',18,20,'Moscow',1030000.00,'Не битый не крашенный','published','2020-12-26 12:45:34.000','2020-12-26 12:45:34.000')
,(37,'Авто_905',18,20,'Moscow',1230000.00,'Не битый не крашенный','published','2020-12-26 12:45:34.000','2020-12-26 12:45:34.000')
,(38,'Авто_902',18,20,'Moscow',1230000.00,'Не битый не крашенный','published','2020-12-26 12:45:34.000','2020-12-26 12:45:34.000')
,(39,'Авто_945',18,20,'Moscow',1230000.00,'Не битый не крашенный','published','2020-12-26 12:45:34.000','2020-12-26 12:45:34.000')
,(40,'Авто_915',18,22,'Moscow',1230000.00,'Не битый не крашенный','published','2020-12-26 12:45:34.000','2020-12-26 12:45:34.000')
;
INSERT INTO ads (id,headline,category_id,user_id,town,price,description,status,created_at,updated_at) VALUES 
(41,'Авто_1901',18,22,'Moscow',1230000.00,'Не битый не крашенный','published','2020-12-26 12:45:34.000','2020-12-26 12:45:34.000')
,(42,'Авто_1902',18,22,'Moscow',1230000.00,'Не битый не крашенный','published','2020-12-26 12:45:34.000','2020-12-26 12:45:34.000')
,(43,'Авто_1903',18,22,'Moscow',1230000.00,'Не битый не крашенный','published','2020-12-26 12:45:34.000','2020-12-26 12:45:34.000')
,(44,'Авто_1904',18,22,'Moscow',1230000.00,'Не битый не крашенный','published','2020-12-26 12:45:34.000','2020-12-26 12:45:34.000')
,(45,'Авто_1905',18,22,'Moscow',1230000.00,'Не битый не крашенный','published','2020-12-26 12:45:34.000','2020-12-26 12:45:34.000')
,(46,'Авто_1902',18,22,'Moscow',3230000.00,'Не битый не крашенный','published','2020-12-26 12:45:34.000','2020-12-26 12:45:34.000')
,(47,'Авто_1945',18,22,'Moscow',3230000.00,'Не битый не крашенный','published','2020-12-26 12:45:34.000','2020-12-26 12:45:34.000')
,(48,'Авто_1915',18,22,'Moscow',3230000.00,'Не битый не крашенный','published','2020-12-26 12:45:34.000','2020-12-26 12:45:34.000')
,(49,'Авто_001',18,2,'Moscow',800000.00,'Не битый не крашенный','published','2020-12-26 12:45:37.000','2020-12-26 12:45:37.000')
,(50,'Авто_002',18,3,'Moscow',800000.00,'Не битый не крашенный','published','2020-12-26 12:45:37.000','2020-12-26 12:45:37.000')
;
INSERT INTO ads (id,headline,category_id,user_id,town,price,description,status,created_at,updated_at) VALUES 
(51,'Авто_003',18,4,'Moscow',900000.00,'Не битый не крашенный','published','2020-12-26 12:45:37.000','2020-12-26 12:45:37.000')
,(52,'Авто_004',18,5,'Moscow',900000.00,'Не битый не крашенный','published','2020-12-26 12:45:37.000','2020-12-26 12:45:37.000')
,(53,'Авто_005',18,6,'Moscow',900000.00,'Не битый не крашенный','published','2020-12-26 12:45:37.000','2020-12-26 12:45:37.000')
,(54,'Авто_002',18,7,'Moscow',1000000.00,'Не битый не крашенный','published','2020-12-26 12:45:37.000','2020-12-26 12:45:37.000')
,(55,'Авто_045',18,8,'Moscow',1000000.00,'Не битый не крашенный','published','2020-12-26 12:45:37.000','2020-12-26 12:45:37.000')
,(56,'Авто_015',18,10,'Moscow',1000000.00,'Не битый не крашенный','published','2020-12-26 12:45:37.000','2020-12-26 12:45:37.000')
,(57,'Авто_901',18,10,'Moscow',1000000.00,'Не битый не крашенный','published','2020-12-26 12:45:37.000','2020-12-26 12:45:37.000')
,(58,'Авто_902',18,10,'Moscow',1000000.00,'Не битый не крашенный','published','2020-12-26 12:45:37.000','2020-12-26 12:45:37.000')
,(59,'Авто_903',18,10,'Moscow',1000000.00,'Не битый не крашенный','published','2020-12-26 12:45:37.000','2020-12-26 12:45:37.000')
,(60,'Авто_904',18,10,'Moscow',1000000.00,'Не битый не крашенный','published','2020-12-26 12:45:37.000','2020-12-26 12:45:37.000')
;
INSERT INTO ads (id,headline,category_id,user_id,town,price,description,status,created_at,updated_at) VALUES 
(61,'Авто_905',18,10,'Moscow',1200000.00,'Не битый не крашенный','published','2020-12-26 12:45:37.000','2020-12-26 12:45:37.000')
,(62,'Авто_902',18,10,'Moscow',1200000.00,'Не битый не крашенный','published','2020-12-26 12:45:37.000','2020-12-26 12:45:37.000')
,(63,'Авто_945',18,10,'Moscow',1200000.00,'Не битый не крашенный','published','2020-12-26 12:45:37.000','2020-12-26 12:45:37.000')
,(64,'Авто_915',18,12,'Moscow',1200000.00,'Не битый не крашенный','published','2020-12-26 12:45:37.000','2020-12-26 12:45:37.000')
,(65,'Авто_1901',18,12,'Moscow',1200000.00,'Не битый не крашенный','published','2020-12-26 12:45:37.000','2020-12-26 12:45:37.000')
,(66,'Авто_1902',18,12,'Moscow',1200000.00,'Не битый не крашенный','published','2020-12-26 12:45:37.000','2020-12-26 12:45:37.000')
,(67,'Авто_1903',18,12,'Moscow',1200000.00,'Не битый не крашенный','published','2020-12-26 12:45:37.000','2020-12-26 12:45:37.000')
,(68,'Авто_1904',18,12,'Moscow',1200000.00,'Не битый не крашенный','published','2020-12-26 12:45:37.000','2020-12-26 12:45:37.000')
,(69,'Авто_1905',18,12,'Moscow',1200000.00,'Не битый не крашенный','published','2020-12-26 12:45:37.000','2020-12-26 12:45:37.000')
,(70,'Авто_1902',18,12,'Moscow',3200000.00,'Не битый не крашенный','published','2020-12-26 12:45:37.000','2020-12-26 12:45:37.000')
;
INSERT INTO ads (id,headline,category_id,user_id,town,price,description,status,created_at,updated_at) VALUES 
(71,'Авто_1945',18,12,'Moscow',3200000.00,'Не битый не крашенный','published','2020-12-26 12:45:37.000','2020-12-26 12:45:37.000')
,(72,'Авто_1915',18,12,'Moscow',3200000.00,'Не битый не крашенный','published','2020-12-26 12:45:37.000','2020-12-26 12:45:37.000')
,(73,'Авто_001',18,22,'Saint Petersburg',770000.00,'Не битый не крашенный','published','2020-12-26 12:47:18.000','2020-12-26 12:47:18.000')
,(74,'Авто_002',18,23,'Saint Petersburg',770000.00,'Не битый не крашенный','published','2020-12-26 12:47:18.000','2020-12-26 12:47:18.000')
,(75,'Авто_003',18,24,'Saint Petersburg',870000.00,'Не битый не крашенный','published','2020-12-26 12:47:18.000','2020-12-26 12:47:18.000')
,(76,'Авто_004',18,25,'Saint Petersburg',870000.00,'Не битый не крашенный','published','2020-12-26 12:47:18.000','2020-12-26 12:47:18.000')
,(77,'Авто_005',18,26,'Saint Petersburg',870000.00,'Не битый не крашенный','published','2020-12-26 12:47:18.000','2020-12-26 12:47:18.000')
,(78,'Авто_002',18,27,'Saint Petersburg',970000.00,'Не битый не крашенный','published','2020-12-26 12:47:18.000','2020-12-26 12:47:18.000')
,(79,'Авто_045',18,28,'Saint Petersburg',970000.00,'Не битый не крашенный','published','2020-12-26 12:47:18.000','2020-12-26 12:47:18.000')
,(80,'Авто_015',18,30,'Saint Petersburg',970000.00,'Не битый не крашенный','published','2020-12-26 12:47:18.000','2020-12-26 12:47:18.000')
;
INSERT INTO ads (id,headline,category_id,user_id,town,price,description,status,created_at,updated_at) VALUES 
(81,'Авто_901',18,30,'Saint Petersburg',970000.00,'Не битый не крашенный','published','2020-12-26 12:47:18.000','2020-12-26 12:47:18.000')
,(82,'Авто_902',18,30,'Saint Petersburg',970000.00,'Не битый не крашенный','published','2020-12-26 12:47:18.000','2020-12-26 12:47:18.000')
,(83,'Авто_903',18,30,'Saint Petersburg',970000.00,'Не битый не крашенный','published','2020-12-26 12:47:18.000','2020-12-26 12:47:18.000')
,(84,'Авто_904',18,30,'Saint Petersburg',970000.00,'Не битый не крашенный','published','2020-12-26 12:47:18.000','2020-12-26 12:47:18.000')
,(85,'Авто_905',18,30,'Saint Petersburg',1170000.00,'Не битый не крашенный','published','2020-12-26 12:47:18.000','2020-12-26 12:47:18.000')
,(86,'Авто_902',18,30,'Saint Petersburg',1170000.00,'Не битый не крашенный','published','2020-12-26 12:47:18.000','2020-12-26 12:47:18.000')
,(87,'Авто_945',18,30,'Saint Petersburg',1170000.00,'Не битый не крашенный','published','2020-12-26 12:47:18.000','2020-12-26 12:47:18.000')
,(88,'Авто_915',18,32,'Saint Petersburg',1170000.00,'Не битый не крашенный','published','2020-12-26 12:47:18.000','2020-12-26 12:47:18.000')
,(89,'Авто_1901',18,32,'Saint Petersburg',1170000.00,'Не битый не крашенный','published','2020-12-26 12:47:18.000','2020-12-26 12:47:18.000')
,(90,'Авто_1902',18,32,'Saint Petersburg',1170000.00,'Не битый не крашенный','published','2020-12-26 12:47:18.000','2020-12-26 12:47:18.000')
;
INSERT INTO ads (id,headline,category_id,user_id,town,price,description,status,created_at,updated_at) VALUES 
(91,'Авто_1903',18,32,'Saint Petersburg',1170000.00,'Не битый не крашенный','published','2020-12-26 12:47:18.000','2020-12-26 12:47:18.000')
,(92,'Авто_1904',18,32,'Saint Petersburg',1170000.00,'Не битый не крашенный','published','2020-12-26 12:47:18.000','2020-12-26 12:47:18.000')
,(93,'Авто_1905',18,32,'Saint Petersburg',1170000.00,'Не битый не крашенный','published','2020-12-26 12:47:18.000','2020-12-26 12:47:18.000')
,(94,'Авто_1902',18,32,'Saint Petersburg',3170000.00,'Не битый не крашенный','published','2020-12-26 12:47:18.000','2020-12-26 12:47:18.000')
,(95,'Авто_1945',18,32,'Saint Petersburg',3170000.00,'Не битый не крашенный','published','2020-12-26 12:47:18.000','2020-12-26 12:47:18.000')
,(96,'Авто_1915',18,32,'Saint Petersburg',3170000.00,'Не битый не крашенный','published','2020-12-26 12:47:18.000','2020-12-26 12:47:18.000')
;

-- 4) Характиристики для категорий товара
INSERT INTO characteristic_type (id,name,category_id,description,value_type,is_mandatory,created_at,updated_at) VALUES 
(1,'Количество комнат',11,'Количество комнат','int',1,'2020-12-26 13:05:34.000','2020-12-26 13:05:34.000')
,(2,'Площадь',11,'кв. метры','decimal',1,'2020-12-26 13:05:34.000','2020-12-26 13:05:34.000')
,(3,'Балкон',11,'Есть/нет','flag',0,'2020-12-26 13:05:34.000','2020-12-26 13:05:34.000')
,(4,'Этаж',11,'Этаж','int',1,'2020-12-26 13:05:34.000','2020-12-26 13:05:34.000')
,(5,'Лифт',11,'Есть/нет','flag',0,'2020-12-26 13:05:34.000','2020-12-26 13:05:34.000')
,(6,'Кадастровый номер',11,'Кадастровый номер','string',0,'2020-12-26 13:05:34.000','2020-12-26 13:05:34.000')
,(7,'Марка',18,'Марка','string',1,'2020-12-26 13:13:59.000','2020-12-26 13:13:59.000')
,(8,'Модель',18,'Модель','string',1,'2020-12-26 13:13:59.000','2020-12-26 13:13:59.000')
,(9,'VIN',18,'VIN','string',1,'2020-12-26 13:13:59.000','2020-12-26 13:13:59.000')
,(10,'Тип дома',11,'Ссылка на элемент справочника "Тип дома"','ref',0,'2020-12-26 13:13:59.000','2020-12-26 13:13:59.000')
;
INSERT INTO characteristic_type (id,name,category_id,description,value_type,is_mandatory,created_at,updated_at) VALUES 
(11,'Год выпуска',18,'Год','int',1,'2020-12-26 13:13:59.000','2020-12-26 13:13:59.000')
,(12,'ABS',18,'Есть/нет','flag',0,'2020-12-26 13:13:59.000','2020-12-26 13:13:59.000')
,(13,'Объем двигателя',18,'Литры','decimal',1,'2020-12-26 13:13:59.000','2020-12-26 13:13:59.000')
;

-- 5) Характиристики товара

INSERT INTO ad_characteristics (ad_id,charact_type_id,number_value,decimal_value,string_value,date_value,flag_value,ref_value,created_at,updated_at) VALUES 
(1,1,2,NULL,NULL,NULL,NULL,NULL,'2020-12-26 14:08:38.000','2020-12-26 14:08:38.000')
,(1,2,NULL,43.500000000000000,NULL,NULL,NULL,NULL,'2020-12-26 14:08:38.000','2020-12-26 14:08:38.000')
,(1,3,NULL,NULL,NULL,NULL,1,NULL,'2020-12-26 14:08:38.000','2020-12-26 14:08:38.000')
,(1,4,2,NULL,NULL,NULL,NULL,NULL,'2020-12-26 14:08:38.000','2020-12-26 14:08:38.000')
,(1,5,NULL,NULL,NULL,NULL,1,NULL,'2020-12-26 14:08:38.000','2020-12-26 14:08:38.000')
,(1,6,NULL,NULL,'77:06:0005004:1',NULL,NULL,NULL,'2020-12-26 14:08:38.000','2020-12-26 14:08:38.000')
,(2,1,3,NULL,NULL,NULL,NULL,NULL,'2020-12-26 14:08:38.000','2020-12-26 14:08:38.000')
,(2,2,NULL,56.700000000000000,NULL,NULL,NULL,NULL,'2020-12-26 14:08:38.000','2020-12-26 14:08:38.000')
,(2,3,NULL,NULL,NULL,NULL,0,NULL,'2020-12-26 14:08:38.000','2020-12-26 14:08:38.000')
,(2,4,3,NULL,NULL,NULL,NULL,NULL,'2020-12-26 14:08:38.000','2020-12-26 14:08:38.000')
;
INSERT INTO ad_characteristics (ad_id,charact_type_id,number_value,decimal_value,string_value,date_value,flag_value,ref_value,created_at,updated_at) VALUES 
(2,5,NULL,NULL,NULL,NULL,1,NULL,'2020-12-26 14:08:38.000','2020-12-26 14:08:38.000')
,(2,6,NULL,NULL,'77:06:0005004:2',NULL,NULL,NULL,'2020-12-26 14:08:38.000','2020-12-26 14:08:38.000')
,(3,1,1,NULL,NULL,NULL,NULL,NULL,'2020-12-26 14:08:38.000','2020-12-26 14:08:38.000')
,(3,2,NULL,30.300000000000000,NULL,NULL,NULL,NULL,'2020-12-26 14:08:38.000','2020-12-26 14:08:38.000')
,(3,3,NULL,NULL,NULL,NULL,1,NULL,'2020-12-26 14:08:38.000','2020-12-26 14:08:38.000')
,(3,4,4,NULL,NULL,NULL,NULL,NULL,'2020-12-26 14:08:38.000','2020-12-26 14:08:38.000')
,(3,5,NULL,NULL,NULL,NULL,1,NULL,'2020-12-26 14:08:38.000','2020-12-26 14:08:38.000')
,(3,6,NULL,NULL,'77:06:0005004:3',NULL,NULL,NULL,'2020-12-26 14:08:38.000','2020-12-26 14:08:38.000')
,(4,1,2,NULL,NULL,NULL,NULL,NULL,'2020-12-26 14:08:38.000','2020-12-26 14:08:38.000')
,(4,2,NULL,43.500000000000000,NULL,NULL,NULL,NULL,'2020-12-26 14:08:38.000','2020-12-26 14:08:38.000')
;
INSERT INTO ad_characteristics (ad_id,charact_type_id,number_value,decimal_value,string_value,date_value,flag_value,ref_value,created_at,updated_at) VALUES 
(4,3,NULL,NULL,NULL,NULL,0,NULL,'2020-12-26 14:08:38.000','2020-12-26 14:08:38.000')
,(4,4,5,NULL,NULL,NULL,NULL,NULL,'2020-12-26 14:08:38.000','2020-12-26 14:08:38.000')
,(4,5,NULL,NULL,NULL,NULL,1,NULL,'2020-12-26 14:08:38.000','2020-12-26 14:08:38.000')
,(4,6,NULL,NULL,'77:06:0005004:4',NULL,NULL,NULL,'2020-12-26 14:08:38.000','2020-12-26 14:08:38.000')
,(5,1,3,NULL,NULL,NULL,NULL,NULL,'2020-12-26 14:08:38.000','2020-12-26 14:08:38.000')
,(5,2,NULL,56.700000000000000,NULL,NULL,NULL,NULL,'2020-12-26 14:08:38.000','2020-12-26 14:08:38.000')
,(5,3,NULL,NULL,NULL,NULL,1,NULL,'2020-12-26 14:08:38.000','2020-12-26 14:08:38.000')
,(5,4,6,NULL,NULL,NULL,NULL,NULL,'2020-12-26 14:08:38.000','2020-12-26 14:08:38.000')
,(5,5,NULL,NULL,NULL,NULL,1,NULL,'2020-12-26 14:08:38.000','2020-12-26 14:08:38.000')
,(5,6,NULL,NULL,'77:06:0005004:5',NULL,NULL,NULL,'2020-12-26 14:08:38.000','2020-12-26 14:08:38.000')
;
INSERT INTO ad_characteristics (ad_id,charact_type_id,number_value,decimal_value,string_value,date_value,flag_value,ref_value,created_at,updated_at) VALUES 
(6,1,1,NULL,NULL,NULL,NULL,NULL,'2020-12-26 14:08:38.000','2020-12-26 14:08:38.000')
,(6,2,NULL,30.300000000000000,NULL,NULL,NULL,NULL,'2020-12-26 14:08:38.000','2020-12-26 14:08:38.000')
,(6,3,NULL,NULL,NULL,NULL,0,NULL,'2020-12-26 14:08:38.000','2020-12-26 14:08:38.000')
,(6,4,7,NULL,NULL,NULL,NULL,NULL,'2020-12-26 14:08:38.000','2020-12-26 14:08:38.000')
,(6,5,NULL,NULL,NULL,NULL,1,NULL,'2020-12-26 14:08:38.000','2020-12-26 14:08:38.000')
,(6,6,NULL,NULL,'77:06:0005004:6',NULL,NULL,NULL,'2020-12-26 14:08:38.000','2020-12-26 14:08:38.000')
,(7,1,2,NULL,NULL,NULL,NULL,NULL,'2020-12-26 14:08:38.000','2020-12-26 14:08:38.000')
,(7,2,NULL,43.500000000000000,NULL,NULL,NULL,NULL,'2020-12-26 14:08:38.000','2020-12-26 14:08:38.000')
,(7,3,NULL,NULL,NULL,NULL,1,NULL,'2020-12-26 14:08:38.000','2020-12-26 14:08:38.000')
,(7,4,8,NULL,NULL,NULL,NULL,NULL,'2020-12-26 14:08:38.000','2020-12-26 14:08:38.000')
;
INSERT INTO ad_characteristics (ad_id,charact_type_id,number_value,decimal_value,string_value,date_value,flag_value,ref_value,created_at,updated_at) VALUES 
(7,5,NULL,NULL,NULL,NULL,1,NULL,'2020-12-26 14:08:38.000','2020-12-26 14:08:38.000')
,(7,6,NULL,NULL,'77:06:0005004:7',NULL,NULL,NULL,'2020-12-26 14:08:38.000','2020-12-26 14:08:38.000')
,(8,1,3,NULL,NULL,NULL,NULL,NULL,'2020-12-26 14:08:38.000','2020-12-26 14:08:38.000')
,(8,2,NULL,56.700000000000000,NULL,NULL,NULL,NULL,'2020-12-26 14:08:38.000','2020-12-26 14:08:38.000')
,(8,3,NULL,NULL,NULL,NULL,0,NULL,'2020-12-26 14:08:38.000','2020-12-26 14:08:38.000')
,(8,4,9,NULL,NULL,NULL,NULL,NULL,'2020-12-26 14:08:38.000','2020-12-26 14:08:38.000')
,(8,5,NULL,NULL,NULL,NULL,1,NULL,'2020-12-26 14:08:38.000','2020-12-26 14:08:38.000')
,(8,6,NULL,NULL,'77:06:0005004:8',NULL,NULL,NULL,'2020-12-26 14:08:38.000','2020-12-26 14:08:38.000')
,(9,1,1,NULL,NULL,NULL,NULL,NULL,'2020-12-26 14:08:38.000','2020-12-26 14:08:38.000')
,(9,2,NULL,30.300000000000000,NULL,NULL,NULL,NULL,'2020-12-26 14:08:38.000','2020-12-26 14:08:38.000')
;
INSERT INTO ad_characteristics (ad_id,charact_type_id,number_value,decimal_value,string_value,date_value,flag_value,ref_value,created_at,updated_at) VALUES 
(9,3,NULL,NULL,NULL,NULL,1,NULL,'2020-12-26 14:08:38.000','2020-12-26 14:08:38.000')
,(9,4,10,NULL,NULL,NULL,NULL,NULL,'2020-12-26 14:08:38.000','2020-12-26 14:08:38.000')
,(9,5,NULL,NULL,NULL,NULL,1,NULL,'2020-12-26 14:08:38.000','2020-12-26 14:08:38.000')
,(9,6,NULL,NULL,'77:06:0005004:9',NULL,NULL,NULL,'2020-12-26 14:08:38.000','2020-12-26 14:08:38.000')
,(10,1,2,NULL,NULL,NULL,NULL,NULL,'2020-12-26 14:08:38.000','2020-12-26 14:08:38.000')
,(10,2,NULL,43.500000000000000,NULL,NULL,NULL,NULL,'2020-12-26 14:08:38.000','2020-12-26 14:08:38.000')
,(10,3,NULL,NULL,NULL,NULL,0,NULL,'2020-12-26 14:08:38.000','2020-12-26 14:08:38.000')
,(10,4,11,NULL,NULL,NULL,NULL,NULL,'2020-12-26 14:08:38.000','2020-12-26 14:08:38.000')
,(10,5,NULL,NULL,NULL,NULL,1,NULL,'2020-12-26 14:08:38.000','2020-12-26 14:08:38.000')
,(10,6,NULL,NULL,'77:06:0005004:10',NULL,NULL,NULL,'2020-12-26 14:08:38.000','2020-12-26 14:08:38.000')
;
INSERT INTO ad_characteristics (ad_id,charact_type_id,number_value,decimal_value,string_value,date_value,flag_value,ref_value,created_at,updated_at) VALUES 
(11,1,3,NULL,NULL,NULL,NULL,NULL,'2020-12-26 14:08:38.000','2020-12-26 14:08:38.000')
,(11,2,NULL,56.700000000000000,NULL,NULL,NULL,NULL,'2020-12-26 14:08:38.000','2020-12-26 14:08:38.000')
,(11,3,NULL,NULL,NULL,NULL,1,NULL,'2020-12-26 14:08:38.000','2020-12-26 14:08:38.000')
,(11,4,12,NULL,NULL,NULL,NULL,NULL,'2020-12-26 14:08:38.000','2020-12-26 14:08:38.000')
,(11,5,NULL,NULL,NULL,NULL,1,NULL,'2020-12-26 14:08:38.000','2020-12-26 14:08:38.000')
,(11,6,NULL,NULL,'77:06:0005004:11',NULL,NULL,NULL,'2020-12-26 14:08:38.000','2020-12-26 14:08:38.000')
,(12,1,1,NULL,NULL,NULL,NULL,NULL,'2020-12-26 14:08:38.000','2020-12-26 14:08:38.000')
,(12,2,NULL,30.300000000000000,NULL,NULL,NULL,NULL,'2020-12-26 14:08:38.000','2020-12-26 14:08:38.000')
,(12,3,NULL,NULL,NULL,NULL,0,NULL,'2020-12-26 14:08:38.000','2020-12-26 14:08:38.000')
,(12,4,13,NULL,NULL,NULL,NULL,NULL,'2020-12-26 14:08:38.000','2020-12-26 14:08:38.000')
;
INSERT INTO ad_characteristics (ad_id,charact_type_id,number_value,decimal_value,string_value,date_value,flag_value,ref_value,created_at,updated_at) VALUES 
(12,5,NULL,NULL,NULL,NULL,1,NULL,'2020-12-26 14:08:38.000','2020-12-26 14:08:38.000')
,(12,6,NULL,NULL,'77:06:0005004:12',NULL,NULL,NULL,'2020-12-26 14:08:38.000','2020-12-26 14:08:38.000')
,(13,1,2,NULL,NULL,NULL,NULL,NULL,'2020-12-26 14:08:38.000','2020-12-26 14:08:38.000')
,(13,2,NULL,43.500000000000000,NULL,NULL,NULL,NULL,'2020-12-26 14:08:38.000','2020-12-26 14:08:38.000')
,(13,3,NULL,NULL,NULL,NULL,1,NULL,'2020-12-26 14:08:38.000','2020-12-26 14:08:38.000')
,(13,4,14,NULL,NULL,NULL,NULL,NULL,'2020-12-26 14:08:38.000','2020-12-26 14:08:38.000')
,(13,5,NULL,NULL,NULL,NULL,1,NULL,'2020-12-26 14:08:38.000','2020-12-26 14:08:38.000')
,(13,6,NULL,NULL,'77:06:0005004:13',NULL,NULL,NULL,'2020-12-26 14:08:38.000','2020-12-26 14:08:38.000')
,(14,1,3,NULL,NULL,NULL,NULL,NULL,'2020-12-26 14:08:38.000','2020-12-26 14:08:38.000')
,(14,2,NULL,56.700000000000000,NULL,NULL,NULL,NULL,'2020-12-26 14:08:38.000','2020-12-26 14:08:38.000')
;
INSERT INTO ad_characteristics (ad_id,charact_type_id,number_value,decimal_value,string_value,date_value,flag_value,ref_value,created_at,updated_at) VALUES 
(14,3,NULL,NULL,NULL,NULL,0,NULL,'2020-12-26 14:08:38.000','2020-12-26 14:08:38.000')
,(14,4,15,NULL,NULL,NULL,NULL,NULL,'2020-12-26 14:08:38.000','2020-12-26 14:08:38.000')
,(14,5,NULL,NULL,NULL,NULL,1,NULL,'2020-12-26 14:08:38.000','2020-12-26 14:08:38.000')
,(14,6,NULL,NULL,'77:06:0005004:14',NULL,NULL,NULL,'2020-12-26 14:08:38.000','2020-12-26 14:08:38.000')
,(15,1,1,NULL,NULL,NULL,NULL,NULL,'2020-12-26 14:08:38.000','2020-12-26 14:08:38.000')
,(15,2,NULL,30.300000000000000,NULL,NULL,NULL,NULL,'2020-12-26 14:08:38.000','2020-12-26 14:08:38.000')
,(15,3,NULL,NULL,NULL,NULL,1,NULL,'2020-12-26 14:08:38.000','2020-12-26 14:08:38.000')
,(15,4,16,NULL,NULL,NULL,NULL,NULL,'2020-12-26 14:08:38.000','2020-12-26 14:08:38.000')
,(15,5,NULL,NULL,NULL,NULL,1,NULL,'2020-12-26 14:08:38.000','2020-12-26 14:08:38.000')
,(15,6,NULL,NULL,'77:06:0005004:15',NULL,NULL,NULL,'2020-12-26 14:08:38.000','2020-12-26 14:08:38.000')
;
INSERT INTO ad_characteristics (ad_id,charact_type_id,number_value,decimal_value,string_value,date_value,flag_value,ref_value,created_at,updated_at) VALUES 
(16,1,2,NULL,NULL,NULL,NULL,NULL,'2020-12-26 14:08:38.000','2020-12-26 14:08:38.000')
,(16,2,NULL,43.500000000000000,NULL,NULL,NULL,NULL,'2020-12-26 14:08:38.000','2020-12-26 14:08:38.000')
,(16,3,NULL,NULL,NULL,NULL,0,NULL,'2020-12-26 14:08:38.000','2020-12-26 14:08:38.000')
,(16,4,1,NULL,NULL,NULL,NULL,NULL,'2020-12-26 14:08:38.000','2020-12-26 14:08:38.000')
,(16,5,NULL,NULL,NULL,NULL,1,NULL,'2020-12-26 14:08:38.000','2020-12-26 14:08:38.000')
,(16,6,NULL,NULL,'77:06:0005004:16',NULL,NULL,NULL,'2020-12-26 14:08:38.000','2020-12-26 14:08:38.000')
,(17,1,3,NULL,NULL,NULL,NULL,NULL,'2020-12-26 14:08:38.000','2020-12-26 14:08:38.000')
,(17,2,NULL,56.700000000000000,NULL,NULL,NULL,NULL,'2020-12-26 14:08:38.000','2020-12-26 14:08:38.000')
,(17,3,NULL,NULL,NULL,NULL,1,NULL,'2020-12-26 14:08:38.000','2020-12-26 14:08:38.000')
,(17,4,2,NULL,NULL,NULL,NULL,NULL,'2020-12-26 14:08:38.000','2020-12-26 14:08:38.000')
;
INSERT INTO ad_characteristics (ad_id,charact_type_id,number_value,decimal_value,string_value,date_value,flag_value,ref_value,created_at,updated_at) VALUES 
(17,5,NULL,NULL,NULL,NULL,1,NULL,'2020-12-26 14:08:38.000','2020-12-26 14:08:38.000')
,(17,6,NULL,NULL,'77:06:0005004:17',NULL,NULL,NULL,'2020-12-26 14:08:38.000','2020-12-26 14:08:38.000')
,(18,1,1,NULL,NULL,NULL,NULL,NULL,'2020-12-26 14:08:38.000','2020-12-26 14:08:38.000')
,(18,2,NULL,30.300000000000000,NULL,NULL,NULL,NULL,'2020-12-26 14:08:38.000','2020-12-26 14:08:38.000')
,(18,3,NULL,NULL,NULL,NULL,0,NULL,'2020-12-26 14:08:38.000','2020-12-26 14:08:38.000')
,(18,4,3,NULL,NULL,NULL,NULL,NULL,'2020-12-26 14:08:38.000','2020-12-26 14:08:38.000')
,(18,5,NULL,NULL,NULL,NULL,1,NULL,'2020-12-26 14:08:38.000','2020-12-26 14:08:38.000')
,(18,6,NULL,NULL,'77:06:0005004:18',NULL,NULL,NULL,'2020-12-26 14:08:38.000','2020-12-26 14:08:38.000')
,(19,1,2,NULL,NULL,NULL,NULL,NULL,'2020-12-26 14:08:38.000','2020-12-26 14:08:38.000')
,(19,2,NULL,43.500000000000000,NULL,NULL,NULL,NULL,'2020-12-26 14:08:38.000','2020-12-26 14:08:38.000')
;
INSERT INTO ad_characteristics (ad_id,charact_type_id,number_value,decimal_value,string_value,date_value,flag_value,ref_value,created_at,updated_at) VALUES 
(19,3,NULL,NULL,NULL,NULL,1,NULL,'2020-12-26 14:08:38.000','2020-12-26 14:08:38.000')
,(19,4,4,NULL,NULL,NULL,NULL,NULL,'2020-12-26 14:08:38.000','2020-12-26 14:08:38.000')
,(19,5,NULL,NULL,NULL,NULL,1,NULL,'2020-12-26 14:08:38.000','2020-12-26 14:08:38.000')
,(19,6,NULL,NULL,'77:06:0005004:19',NULL,NULL,NULL,'2020-12-26 14:08:38.000','2020-12-26 14:08:38.000')
,(20,1,3,NULL,NULL,NULL,NULL,NULL,'2020-12-26 14:08:38.000','2020-12-26 14:08:38.000')
,(20,2,NULL,56.700000000000000,NULL,NULL,NULL,NULL,'2020-12-26 14:08:38.000','2020-12-26 14:08:38.000')
,(20,3,NULL,NULL,NULL,NULL,0,NULL,'2020-12-26 14:08:38.000','2020-12-26 14:08:38.000')
,(20,4,5,NULL,NULL,NULL,NULL,NULL,'2020-12-26 14:08:38.000','2020-12-26 14:08:38.000')
,(20,5,NULL,NULL,NULL,NULL,1,NULL,'2020-12-26 14:08:38.000','2020-12-26 14:08:38.000')
,(20,6,NULL,NULL,'77:06:0005004:20',NULL,NULL,NULL,'2020-12-26 14:08:38.000','2020-12-26 14:08:38.000')
;
INSERT INTO ad_characteristics (ad_id,charact_type_id,number_value,decimal_value,string_value,date_value,flag_value,ref_value,created_at,updated_at) VALUES 
(21,1,1,NULL,NULL,NULL,NULL,NULL,'2020-12-26 14:08:38.000','2020-12-26 14:08:38.000')
,(21,2,NULL,30.300000000000000,NULL,NULL,NULL,NULL,'2020-12-26 14:08:38.000','2020-12-26 14:08:38.000')
,(21,3,NULL,NULL,NULL,NULL,1,NULL,'2020-12-26 14:08:38.000','2020-12-26 14:08:38.000')
,(21,4,6,NULL,NULL,NULL,NULL,NULL,'2020-12-26 14:08:38.000','2020-12-26 14:08:38.000')
,(21,5,NULL,NULL,NULL,NULL,1,NULL,'2020-12-26 14:08:38.000','2020-12-26 14:08:38.000')
,(21,6,NULL,NULL,'77:06:0005004:21',NULL,NULL,NULL,'2020-12-26 14:08:38.000','2020-12-26 14:08:38.000')
,(22,1,2,NULL,NULL,NULL,NULL,NULL,'2020-12-26 14:08:38.000','2020-12-26 14:08:38.000')
,(22,2,NULL,43.500000000000000,NULL,NULL,NULL,NULL,'2020-12-26 14:08:38.000','2020-12-26 14:08:38.000')
,(22,3,NULL,NULL,NULL,NULL,0,NULL,'2020-12-26 14:08:38.000','2020-12-26 14:08:38.000')
,(22,4,7,NULL,NULL,NULL,NULL,NULL,'2020-12-26 14:08:38.000','2020-12-26 14:08:38.000')
;
INSERT INTO ad_characteristics (ad_id,charact_type_id,number_value,decimal_value,string_value,date_value,flag_value,ref_value,created_at,updated_at) VALUES 
(22,5,NULL,NULL,NULL,NULL,1,NULL,'2020-12-26 14:08:38.000','2020-12-26 14:08:38.000')
,(22,6,NULL,NULL,'77:06:0005004:22',NULL,NULL,NULL,'2020-12-26 14:08:38.000','2020-12-26 14:08:38.000')
,(23,1,3,NULL,NULL,NULL,NULL,NULL,'2020-12-26 14:08:38.000','2020-12-26 14:08:38.000')
,(23,2,NULL,56.700000000000000,NULL,NULL,NULL,NULL,'2020-12-26 14:08:38.000','2020-12-26 14:08:38.000')
,(23,3,NULL,NULL,NULL,NULL,1,NULL,'2020-12-26 14:08:38.000','2020-12-26 14:08:38.000')
,(23,4,8,NULL,NULL,NULL,NULL,NULL,'2020-12-26 14:08:38.000','2020-12-26 14:08:38.000')
,(23,5,NULL,NULL,NULL,NULL,1,NULL,'2020-12-26 14:08:38.000','2020-12-26 14:08:38.000')
,(23,6,NULL,NULL,'77:06:0005004:23',NULL,NULL,NULL,'2020-12-26 14:08:38.000','2020-12-26 14:08:38.000')
,(24,1,1,NULL,NULL,NULL,NULL,NULL,'2020-12-26 14:08:38.000','2020-12-26 14:08:38.000')
,(24,2,NULL,30.300000000000000,NULL,NULL,NULL,NULL,'2020-12-26 14:08:38.000','2020-12-26 14:08:38.000')
;
INSERT INTO ad_characteristics (ad_id,charact_type_id,number_value,decimal_value,string_value,date_value,flag_value,ref_value,created_at,updated_at) VALUES 
(24,3,NULL,NULL,NULL,NULL,0,NULL,'2020-12-26 14:08:38.000','2020-12-26 14:08:38.000')
,(24,4,9,NULL,NULL,NULL,NULL,NULL,'2020-12-26 14:08:38.000','2020-12-26 14:08:38.000')
,(24,5,NULL,NULL,NULL,NULL,1,NULL,'2020-12-26 14:08:38.000','2020-12-26 14:08:38.000')
,(24,6,NULL,NULL,'77:06:0005004:24',NULL,NULL,NULL,'2020-12-26 14:08:38.000','2020-12-26 14:08:38.000')
,(25,7,NULL,NULL,'BMW',NULL,NULL,NULL,'2020-12-26 14:36:30.000','2020-12-26 14:36:30.000')
,(25,8,NULL,NULL,'M5',NULL,NULL,NULL,'2020-12-26 14:36:30.000','2020-12-26 14:36:30.000')
,(25,9,NULL,NULL,'TYJ97090GYO7584573457525',NULL,NULL,NULL,'2020-12-26 14:36:30.000','2020-12-26 14:36:30.000')
,(25,11,2018,NULL,NULL,NULL,NULL,NULL,'2020-12-26 14:36:30.000','2020-12-26 14:36:30.000')
,(25,12,NULL,NULL,NULL,NULL,1,NULL,'2020-12-26 14:36:30.000','2020-12-26 14:36:30.000')
,(25,13,NULL,2.500000000000000,NULL,NULL,NULL,NULL,'2020-12-26 14:36:30.000','2020-12-26 14:36:30.000')
;
INSERT INTO ad_characteristics (ad_id,charact_type_id,number_value,decimal_value,string_value,date_value,flag_value,ref_value,created_at,updated_at) VALUES 
(26,7,NULL,NULL,'KIA',NULL,NULL,NULL,'2020-12-26 14:36:30.000','2020-12-26 14:36:30.000')
,(26,8,NULL,NULL,'Optima',NULL,NULL,NULL,'2020-12-26 14:36:30.000','2020-12-26 14:36:30.000')
,(26,9,NULL,NULL,'TYJ97090GYO7584573457526',NULL,NULL,NULL,'2020-12-26 14:36:30.000','2020-12-26 14:36:30.000')
,(26,11,2018,NULL,NULL,NULL,NULL,NULL,'2020-12-26 14:36:30.000','2020-12-26 14:36:30.000')
,(26,12,NULL,NULL,NULL,NULL,1,NULL,'2020-12-26 14:36:30.000','2020-12-26 14:36:30.000')
,(26,13,NULL,2.500000000000000,NULL,NULL,NULL,NULL,'2020-12-26 14:36:30.000','2020-12-26 14:36:30.000')
,(27,7,NULL,NULL,'Mercedes',NULL,NULL,NULL,'2020-12-26 14:36:30.000','2020-12-26 14:36:30.000')
,(27,8,NULL,NULL,'A-класс',NULL,NULL,NULL,'2020-12-26 14:36:30.000','2020-12-26 14:36:30.000')
,(27,9,NULL,NULL,'TYJ97090GYO7584573457527',NULL,NULL,NULL,'2020-12-26 14:36:30.000','2020-12-26 14:36:30.000')
,(27,11,2018,NULL,NULL,NULL,NULL,NULL,'2020-12-26 14:36:30.000','2020-12-26 14:36:30.000')
;
INSERT INTO ad_characteristics (ad_id,charact_type_id,number_value,decimal_value,string_value,date_value,flag_value,ref_value,created_at,updated_at) VALUES 
(27,12,NULL,NULL,NULL,NULL,1,NULL,'2020-12-26 14:36:30.000','2020-12-26 14:36:30.000')
,(27,13,NULL,2.500000000000000,NULL,NULL,NULL,NULL,'2020-12-26 14:36:30.000','2020-12-26 14:36:30.000')
,(28,7,NULL,NULL,'Toyota',NULL,NULL,NULL,'2020-12-26 14:36:30.000','2020-12-26 14:36:30.000')
,(28,8,NULL,NULL,'Camry',NULL,NULL,NULL,'2020-12-26 14:36:30.000','2020-12-26 14:36:30.000')
,(28,9,NULL,NULL,'TYJ97090GYO7584573457528',NULL,NULL,NULL,'2020-12-26 14:36:30.000','2020-12-26 14:36:30.000')
,(28,11,2018,NULL,NULL,NULL,NULL,NULL,'2020-12-26 14:36:30.000','2020-12-26 14:36:30.000')
,(28,12,NULL,NULL,NULL,NULL,1,NULL,'2020-12-26 14:36:30.000','2020-12-26 14:36:30.000')
,(28,13,NULL,2.500000000000000,NULL,NULL,NULL,NULL,'2020-12-26 14:36:30.000','2020-12-26 14:36:30.000')
,(29,7,NULL,NULL,'Mitsubishi',NULL,NULL,NULL,'2020-12-26 14:36:30.000','2020-12-26 14:36:30.000')
,(29,8,NULL,NULL,'Outlander',NULL,NULL,NULL,'2020-12-26 14:36:30.000','2020-12-26 14:36:30.000')
;
INSERT INTO ad_characteristics (ad_id,charact_type_id,number_value,decimal_value,string_value,date_value,flag_value,ref_value,created_at,updated_at) VALUES 
(29,9,NULL,NULL,'TYJ97090GYO7584573457529',NULL,NULL,NULL,'2020-12-26 14:36:30.000','2020-12-26 14:36:30.000')
,(29,11,2018,NULL,NULL,NULL,NULL,NULL,'2020-12-26 14:36:30.000','2020-12-26 14:36:30.000')
,(29,12,NULL,NULL,NULL,NULL,1,NULL,'2020-12-26 14:36:30.000','2020-12-26 14:36:30.000')
,(29,13,NULL,2.500000000000000,NULL,NULL,NULL,NULL,'2020-12-26 14:36:30.000','2020-12-26 14:36:30.000')
,(30,7,NULL,NULL,'BMW',NULL,NULL,NULL,'2020-12-26 14:36:30.000','2020-12-26 14:36:30.000')
,(30,8,NULL,NULL,'X5',NULL,NULL,NULL,'2020-12-26 14:36:30.000','2020-12-26 14:36:30.000')
,(30,9,NULL,NULL,'TYJ97090GYO7584573457530',NULL,NULL,NULL,'2020-12-26 14:36:30.000','2020-12-26 14:36:30.000')
,(30,11,2018,NULL,NULL,NULL,NULL,NULL,'2020-12-26 14:36:30.000','2020-12-26 14:36:30.000')
,(30,12,NULL,NULL,NULL,NULL,1,NULL,'2020-12-26 14:36:30.000','2020-12-26 14:36:30.000')
,(30,13,NULL,2.500000000000000,NULL,NULL,NULL,NULL,'2020-12-26 14:36:30.000','2020-12-26 14:36:30.000')
;
INSERT INTO ad_characteristics (ad_id,charact_type_id,number_value,decimal_value,string_value,date_value,flag_value,ref_value,created_at,updated_at) VALUES 
(31,7,NULL,NULL,'KIA',NULL,NULL,NULL,'2020-12-26 14:36:30.000','2020-12-26 14:36:30.000')
,(31,8,NULL,NULL,'Rio',NULL,NULL,NULL,'2020-12-26 14:36:30.000','2020-12-26 14:36:30.000')
,(31,9,NULL,NULL,'TYJ97090GYO7584573457531',NULL,NULL,NULL,'2020-12-26 14:36:30.000','2020-12-26 14:36:30.000')
,(31,11,2018,NULL,NULL,NULL,NULL,NULL,'2020-12-26 14:36:30.000','2020-12-26 14:36:30.000')
,(31,12,NULL,NULL,NULL,NULL,1,NULL,'2020-12-26 14:36:30.000','2020-12-26 14:36:30.000')
,(31,13,NULL,2.500000000000000,NULL,NULL,NULL,NULL,'2020-12-26 14:36:30.000','2020-12-26 14:36:30.000')
,(32,7,NULL,NULL,'Mercedes',NULL,NULL,NULL,'2020-12-26 14:36:30.000','2020-12-26 14:36:30.000')
,(32,8,NULL,NULL,'S-класс',NULL,NULL,NULL,'2020-12-26 14:36:30.000','2020-12-26 14:36:30.000')
,(32,9,NULL,NULL,'TYJ97090GYO7584573457532',NULL,NULL,NULL,'2020-12-26 14:36:30.000','2020-12-26 14:36:30.000')
,(32,11,2018,NULL,NULL,NULL,NULL,NULL,'2020-12-26 14:36:30.000','2020-12-26 14:36:30.000')
;
INSERT INTO ad_characteristics (ad_id,charact_type_id,number_value,decimal_value,string_value,date_value,flag_value,ref_value,created_at,updated_at) VALUES 
(32,12,NULL,NULL,NULL,NULL,1,NULL,'2020-12-26 14:36:30.000','2020-12-26 14:36:30.000')
,(32,13,NULL,2.500000000000000,NULL,NULL,NULL,NULL,'2020-12-26 14:36:30.000','2020-12-26 14:36:30.000')
,(33,7,NULL,NULL,'Toyota',NULL,NULL,NULL,'2020-12-26 14:36:30.000','2020-12-26 14:36:30.000')
,(33,8,NULL,NULL,'Land Cruiser',NULL,NULL,NULL,'2020-12-26 14:36:30.000','2020-12-26 14:36:30.000')
,(33,9,NULL,NULL,'TYJ97090GYO7584573457533',NULL,NULL,NULL,'2020-12-26 14:36:30.000','2020-12-26 14:36:30.000')
,(33,11,2017,NULL,NULL,NULL,NULL,NULL,'2020-12-26 14:36:30.000','2020-12-26 14:36:30.000')
,(33,12,NULL,NULL,NULL,NULL,1,NULL,'2020-12-26 14:36:30.000','2020-12-26 14:36:30.000')
,(33,13,NULL,2.500000000000000,NULL,NULL,NULL,NULL,'2020-12-26 14:36:30.000','2020-12-26 14:36:30.000')
,(34,7,NULL,NULL,'Mitsubishi',NULL,NULL,NULL,'2020-12-26 14:36:30.000','2020-12-26 14:36:30.000')
,(34,8,NULL,NULL,'Pajero',NULL,NULL,NULL,'2020-12-26 14:36:30.000','2020-12-26 14:36:30.000')
;
INSERT INTO ad_characteristics (ad_id,charact_type_id,number_value,decimal_value,string_value,date_value,flag_value,ref_value,created_at,updated_at) VALUES 
(34,9,NULL,NULL,'TYJ97090GYO7584573457534',NULL,NULL,NULL,'2020-12-26 14:36:30.000','2020-12-26 14:36:30.000')
,(34,11,2017,NULL,NULL,NULL,NULL,NULL,'2020-12-26 14:36:30.000','2020-12-26 14:36:30.000')
,(34,12,NULL,NULL,NULL,NULL,1,NULL,'2020-12-26 14:36:30.000','2020-12-26 14:36:30.000')
,(34,13,NULL,2.500000000000000,NULL,NULL,NULL,NULL,'2020-12-26 14:36:30.000','2020-12-26 14:36:30.000')
,(35,7,NULL,NULL,'BMW',NULL,NULL,NULL,'2020-12-26 14:36:30.000','2020-12-26 14:36:30.000')
,(35,8,NULL,NULL,'5 серия',NULL,NULL,NULL,'2020-12-26 14:36:30.000','2020-12-26 14:36:30.000')
,(35,9,NULL,NULL,'TYJ97090GYO7584573457535',NULL,NULL,NULL,'2020-12-26 14:36:30.000','2020-12-26 14:36:30.000')
,(35,11,2017,NULL,NULL,NULL,NULL,NULL,'2020-12-26 14:36:30.000','2020-12-26 14:36:30.000')
,(35,12,NULL,NULL,NULL,NULL,1,NULL,'2020-12-26 14:36:30.000','2020-12-26 14:36:30.000')
,(35,13,NULL,2.500000000000000,NULL,NULL,NULL,NULL,'2020-12-26 14:36:30.000','2020-12-26 14:36:30.000')
;
INSERT INTO ad_characteristics (ad_id,charact_type_id,number_value,decimal_value,string_value,date_value,flag_value,ref_value,created_at,updated_at) VALUES 
(36,7,NULL,NULL,'KIA',NULL,NULL,NULL,'2020-12-26 14:36:30.000','2020-12-26 14:36:30.000')
,(36,8,NULL,NULL,'Sorento',NULL,NULL,NULL,'2020-12-26 14:36:30.000','2020-12-26 14:36:30.000')
,(36,9,NULL,NULL,'TYJ97090GYO7584573457536',NULL,NULL,NULL,'2020-12-26 14:36:30.000','2020-12-26 14:36:30.000')
,(36,11,2017,NULL,NULL,NULL,NULL,NULL,'2020-12-26 14:36:30.000','2020-12-26 14:36:30.000')
,(36,12,NULL,NULL,NULL,NULL,1,NULL,'2020-12-26 14:36:30.000','2020-12-26 14:36:30.000')
,(36,13,NULL,2.500000000000000,NULL,NULL,NULL,NULL,'2020-12-26 14:36:30.000','2020-12-26 14:36:30.000')
,(37,7,NULL,NULL,'Mercedes',NULL,NULL,NULL,'2020-12-26 14:36:30.000','2020-12-26 14:36:30.000')
,(37,8,NULL,NULL,'E-класс',NULL,NULL,NULL,'2020-12-26 14:36:30.000','2020-12-26 14:36:30.000')
,(37,9,NULL,NULL,'TYJ97090GYO7584573457537',NULL,NULL,NULL,'2020-12-26 14:36:30.000','2020-12-26 14:36:30.000')
,(37,11,2017,NULL,NULL,NULL,NULL,NULL,'2020-12-26 14:36:30.000','2020-12-26 14:36:30.000')
;
INSERT INTO ad_characteristics (ad_id,charact_type_id,number_value,decimal_value,string_value,date_value,flag_value,ref_value,created_at,updated_at) VALUES 
(37,12,NULL,NULL,NULL,NULL,1,NULL,'2020-12-26 14:36:30.000','2020-12-26 14:36:30.000')
,(37,13,NULL,2.500000000000000,NULL,NULL,NULL,NULL,'2020-12-26 14:36:30.000','2020-12-26 14:36:30.000')
,(38,7,NULL,NULL,'Toyota',NULL,NULL,NULL,'2020-12-26 14:36:30.000','2020-12-26 14:36:30.000')
,(38,8,NULL,NULL,'RAV4',NULL,NULL,NULL,'2020-12-26 14:36:30.000','2020-12-26 14:36:30.000')
,(38,9,NULL,NULL,'TYJ97090GYO7584573457538',NULL,NULL,NULL,'2020-12-26 14:36:30.000','2020-12-26 14:36:30.000')
,(38,11,2017,NULL,NULL,NULL,NULL,NULL,'2020-12-26 14:36:30.000','2020-12-26 14:36:30.000')
,(38,12,NULL,NULL,NULL,NULL,1,NULL,'2020-12-26 14:36:30.000','2020-12-26 14:36:30.000')
,(38,13,NULL,2.500000000000000,NULL,NULL,NULL,NULL,'2020-12-26 14:36:30.000','2020-12-26 14:36:30.000')
,(39,7,NULL,NULL,'Mitsubishi',NULL,NULL,NULL,'2020-12-26 14:36:30.000','2020-12-26 14:36:30.000')
,(39,8,NULL,NULL,'Lancer',NULL,NULL,NULL,'2020-12-26 14:36:30.000','2020-12-26 14:36:30.000')
;
INSERT INTO ad_characteristics (ad_id,charact_type_id,number_value,decimal_value,string_value,date_value,flag_value,ref_value,created_at,updated_at) VALUES 
(39,9,NULL,NULL,'TYJ97090GYO7584573457539',NULL,NULL,NULL,'2020-12-26 14:36:30.000','2020-12-26 14:36:30.000')
,(39,11,2017,NULL,NULL,NULL,NULL,NULL,'2020-12-26 14:36:30.000','2020-12-26 14:36:30.000')
,(39,12,NULL,NULL,NULL,NULL,1,NULL,'2020-12-26 14:36:30.000','2020-12-26 14:36:30.000')
,(39,13,NULL,2.500000000000000,NULL,NULL,NULL,NULL,'2020-12-26 14:36:30.000','2020-12-26 14:36:30.000')
,(40,7,NULL,NULL,'BMW',NULL,NULL,NULL,'2020-12-26 14:36:30.000','2020-12-26 14:36:30.000')
,(40,8,NULL,NULL,'M5',NULL,NULL,NULL,'2020-12-26 14:36:30.000','2020-12-26 14:36:30.000')
,(40,9,NULL,NULL,'TYJ97090GYO7584573457540',NULL,NULL,NULL,'2020-12-26 14:36:30.000','2020-12-26 14:36:30.000')
,(40,11,2017,NULL,NULL,NULL,NULL,NULL,'2020-12-26 14:36:30.000','2020-12-26 14:36:30.000')
,(40,12,NULL,NULL,NULL,NULL,1,NULL,'2020-12-26 14:36:30.000','2020-12-26 14:36:30.000')
,(40,13,NULL,2.500000000000000,NULL,NULL,NULL,NULL,'2020-12-26 14:36:30.000','2020-12-26 14:36:30.000')
;
INSERT INTO ad_characteristics (ad_id,charact_type_id,number_value,decimal_value,string_value,date_value,flag_value,ref_value,created_at,updated_at) VALUES 
(41,7,NULL,NULL,'KIA',NULL,NULL,NULL,'2020-12-26 14:36:30.000','2020-12-26 14:36:30.000')
,(41,8,NULL,NULL,'Optima',NULL,NULL,NULL,'2020-12-26 14:36:30.000','2020-12-26 14:36:30.000')
,(41,9,NULL,NULL,'TYJ97090GYO7584573457541',NULL,NULL,NULL,'2020-12-26 14:36:30.000','2020-12-26 14:36:30.000')
,(41,11,2017,NULL,NULL,NULL,NULL,NULL,'2020-12-26 14:36:30.000','2020-12-26 14:36:30.000')
,(41,12,NULL,NULL,NULL,NULL,1,NULL,'2020-12-26 14:36:30.000','2020-12-26 14:36:30.000')
,(41,13,NULL,2.500000000000000,NULL,NULL,NULL,NULL,'2020-12-26 14:36:30.000','2020-12-26 14:36:30.000')
,(42,7,NULL,NULL,'Mercedes',NULL,NULL,NULL,'2020-12-26 14:36:30.000','2020-12-26 14:36:30.000')
,(42,8,NULL,NULL,'A-класс',NULL,NULL,NULL,'2020-12-26 14:36:30.000','2020-12-26 14:36:30.000')
,(42,9,NULL,NULL,'TYJ97090GYO7584573457542',NULL,NULL,NULL,'2020-12-26 14:36:30.000','2020-12-26 14:36:30.000')
,(42,11,2017,NULL,NULL,NULL,NULL,NULL,'2020-12-26 14:36:30.000','2020-12-26 14:36:30.000')
;
INSERT INTO ad_characteristics (ad_id,charact_type_id,number_value,decimal_value,string_value,date_value,flag_value,ref_value,created_at,updated_at) VALUES 
(42,12,NULL,NULL,NULL,NULL,1,NULL,'2020-12-26 14:36:30.000','2020-12-26 14:36:30.000')
,(42,13,NULL,2.500000000000000,NULL,NULL,NULL,NULL,'2020-12-26 14:36:30.000','2020-12-26 14:36:30.000')
,(43,7,NULL,NULL,'Toyota',NULL,NULL,NULL,'2020-12-26 14:36:30.000','2020-12-26 14:36:30.000')
,(43,8,NULL,NULL,'Camry',NULL,NULL,NULL,'2020-12-26 14:36:30.000','2020-12-26 14:36:30.000')
,(43,9,NULL,NULL,'TYJ97090GYO7584573457543',NULL,NULL,NULL,'2020-12-26 14:36:30.000','2020-12-26 14:36:30.000')
,(43,11,2017,NULL,NULL,NULL,NULL,NULL,'2020-12-26 14:36:30.000','2020-12-26 14:36:30.000')
,(43,12,NULL,NULL,NULL,NULL,1,NULL,'2020-12-26 14:36:30.000','2020-12-26 14:36:30.000')
,(43,13,NULL,2.500000000000000,NULL,NULL,NULL,NULL,'2020-12-26 14:36:30.000','2020-12-26 14:36:30.000')
,(44,7,NULL,NULL,'Mitsubishi',NULL,NULL,NULL,'2020-12-26 14:36:30.000','2020-12-26 14:36:30.000')
,(44,8,NULL,NULL,'Outlander',NULL,NULL,NULL,'2020-12-26 14:36:30.000','2020-12-26 14:36:30.000')
;
INSERT INTO ad_characteristics (ad_id,charact_type_id,number_value,decimal_value,string_value,date_value,flag_value,ref_value,created_at,updated_at) VALUES 
(44,9,NULL,NULL,'TYJ97090GYO7584573457544',NULL,NULL,NULL,'2020-12-26 14:36:30.000','2020-12-26 14:36:30.000')
,(44,11,2016,NULL,NULL,NULL,NULL,NULL,'2020-12-26 14:36:30.000','2020-12-26 14:36:30.000')
,(44,12,NULL,NULL,NULL,NULL,1,NULL,'2020-12-26 14:36:30.000','2020-12-26 14:36:30.000')
,(44,13,NULL,2.500000000000000,NULL,NULL,NULL,NULL,'2020-12-26 14:36:30.000','2020-12-26 14:36:30.000')
,(45,7,NULL,NULL,'BMW',NULL,NULL,NULL,'2020-12-26 14:36:30.000','2020-12-26 14:36:30.000')
,(45,8,NULL,NULL,'X5',NULL,NULL,NULL,'2020-12-26 14:36:30.000','2020-12-26 14:36:30.000')
,(45,9,NULL,NULL,'TYJ97090GYO7584573457545',NULL,NULL,NULL,'2020-12-26 14:36:30.000','2020-12-26 14:36:30.000')
,(45,11,2016,NULL,NULL,NULL,NULL,NULL,'2020-12-26 14:36:30.000','2020-12-26 14:36:30.000')
,(45,12,NULL,NULL,NULL,NULL,1,NULL,'2020-12-26 14:36:30.000','2020-12-26 14:36:30.000')
,(45,13,NULL,2.500000000000000,NULL,NULL,NULL,NULL,'2020-12-26 14:36:30.000','2020-12-26 14:36:30.000')
;
INSERT INTO ad_characteristics (ad_id,charact_type_id,number_value,decimal_value,string_value,date_value,flag_value,ref_value,created_at,updated_at) VALUES 
(46,7,NULL,NULL,'KIA',NULL,NULL,NULL,'2020-12-26 14:36:30.000','2020-12-26 14:36:30.000')
,(46,8,NULL,NULL,'Rio',NULL,NULL,NULL,'2020-12-26 14:36:30.000','2020-12-26 14:36:30.000')
,(46,9,NULL,NULL,'TYJ97090GYO7584573457546',NULL,NULL,NULL,'2020-12-26 14:36:30.000','2020-12-26 14:36:30.000')
,(46,11,2016,NULL,NULL,NULL,NULL,NULL,'2020-12-26 14:36:30.000','2020-12-26 14:36:30.000')
,(46,12,NULL,NULL,NULL,NULL,1,NULL,'2020-12-26 14:36:30.000','2020-12-26 14:36:30.000')
,(46,13,NULL,2.500000000000000,NULL,NULL,NULL,NULL,'2020-12-26 14:36:30.000','2020-12-26 14:36:30.000')
,(47,7,NULL,NULL,'Mercedes',NULL,NULL,NULL,'2020-12-26 14:36:30.000','2020-12-26 14:36:30.000')
,(47,8,NULL,NULL,'S-класс',NULL,NULL,NULL,'2020-12-26 14:36:30.000','2020-12-26 14:36:30.000')
,(47,9,NULL,NULL,'TYJ97090GYO7584573457547',NULL,NULL,NULL,'2020-12-26 14:36:30.000','2020-12-26 14:36:30.000')
,(47,11,2016,NULL,NULL,NULL,NULL,NULL,'2020-12-26 14:36:30.000','2020-12-26 14:36:30.000')
;
INSERT INTO ad_characteristics (ad_id,charact_type_id,number_value,decimal_value,string_value,date_value,flag_value,ref_value,created_at,updated_at) VALUES 
(47,12,NULL,NULL,NULL,NULL,1,NULL,'2020-12-26 14:36:30.000','2020-12-26 14:36:30.000')
,(47,13,NULL,2.500000000000000,NULL,NULL,NULL,NULL,'2020-12-26 14:36:30.000','2020-12-26 14:36:30.000')
,(48,7,NULL,NULL,'Toyota',NULL,NULL,NULL,'2020-12-26 14:36:30.000','2020-12-26 14:36:30.000')
,(48,8,NULL,NULL,'Land Cruiser',NULL,NULL,NULL,'2020-12-26 14:36:30.000','2020-12-26 14:36:30.000')
,(48,9,NULL,NULL,'TYJ97090GYO7584573457548',NULL,NULL,NULL,'2020-12-26 14:36:30.000','2020-12-26 14:36:30.000')
,(48,11,2016,NULL,NULL,NULL,NULL,NULL,'2020-12-26 14:36:30.000','2020-12-26 14:36:30.000')
,(48,12,NULL,NULL,NULL,NULL,1,NULL,'2020-12-26 14:36:30.000','2020-12-26 14:36:30.000')
,(48,13,NULL,2.500000000000000,NULL,NULL,NULL,NULL,'2020-12-26 14:36:30.000','2020-12-26 14:36:30.000')
,(49,7,NULL,NULL,'Mitsubishi',NULL,NULL,NULL,'2020-12-26 14:36:30.000','2020-12-26 14:36:30.000')
,(49,8,NULL,NULL,'Pajero',NULL,NULL,NULL,'2020-12-26 14:36:30.000','2020-12-26 14:36:30.000')
;
INSERT INTO ad_characteristics (ad_id,charact_type_id,number_value,decimal_value,string_value,date_value,flag_value,ref_value,created_at,updated_at) VALUES 
(49,9,NULL,NULL,'TYJ97090GYO7584573457549',NULL,NULL,NULL,'2020-12-26 14:36:30.000','2020-12-26 14:36:30.000')
,(49,11,2016,NULL,NULL,NULL,NULL,NULL,'2020-12-26 14:36:30.000','2020-12-26 14:36:30.000')
,(49,12,NULL,NULL,NULL,NULL,1,NULL,'2020-12-26 14:36:30.000','2020-12-26 14:36:30.000')
,(49,13,NULL,2.500000000000000,NULL,NULL,NULL,NULL,'2020-12-26 14:36:30.000','2020-12-26 14:36:30.000')
,(50,7,NULL,NULL,'BMW',NULL,NULL,NULL,'2020-12-26 14:36:30.000','2020-12-26 14:36:30.000')
,(50,8,NULL,NULL,'5 серия',NULL,NULL,NULL,'2020-12-26 14:36:30.000','2020-12-26 14:36:30.000')
,(50,9,NULL,NULL,'TYJ97090GYO7584573457550',NULL,NULL,NULL,'2020-12-26 14:36:30.000','2020-12-26 14:36:30.000')
,(50,11,2016,NULL,NULL,NULL,NULL,NULL,'2020-12-26 14:36:30.000','2020-12-26 14:36:30.000')
,(50,12,NULL,NULL,NULL,NULL,1,NULL,'2020-12-26 14:36:30.000','2020-12-26 14:36:30.000')
,(50,13,NULL,2.500000000000000,NULL,NULL,NULL,NULL,'2020-12-26 14:36:30.000','2020-12-26 14:36:30.000')
;
INSERT INTO ad_characteristics (ad_id,charact_type_id,number_value,decimal_value,string_value,date_value,flag_value,ref_value,created_at,updated_at) VALUES 
(51,7,NULL,NULL,'KIA',NULL,NULL,NULL,'2020-12-26 14:36:30.000','2020-12-26 14:36:30.000')
,(51,8,NULL,NULL,'Sorento',NULL,NULL,NULL,'2020-12-26 14:36:30.000','2020-12-26 14:36:30.000')
,(51,9,NULL,NULL,'TYJ97090GYO7584573457551',NULL,NULL,NULL,'2020-12-26 14:36:30.000','2020-12-26 14:36:30.000')
,(51,11,2016,NULL,NULL,NULL,NULL,NULL,'2020-12-26 14:36:30.000','2020-12-26 14:36:30.000')
,(51,12,NULL,NULL,NULL,NULL,1,NULL,'2020-12-26 14:36:30.000','2020-12-26 14:36:30.000')
,(51,13,NULL,2.500000000000000,NULL,NULL,NULL,NULL,'2020-12-26 14:36:30.000','2020-12-26 14:36:30.000')
,(52,7,NULL,NULL,'Mercedes',NULL,NULL,NULL,'2020-12-26 14:36:30.000','2020-12-26 14:36:30.000')
,(52,8,NULL,NULL,'E-класс',NULL,NULL,NULL,'2020-12-26 14:36:30.000','2020-12-26 14:36:30.000')
,(52,9,NULL,NULL,'TYJ97090GYO7584573457552',NULL,NULL,NULL,'2020-12-26 14:36:30.000','2020-12-26 14:36:30.000')
,(52,11,2016,NULL,NULL,NULL,NULL,NULL,'2020-12-26 14:36:30.000','2020-12-26 14:36:30.000')
;
INSERT INTO ad_characteristics (ad_id,charact_type_id,number_value,decimal_value,string_value,date_value,flag_value,ref_value,created_at,updated_at) VALUES 
(52,12,NULL,NULL,NULL,NULL,1,NULL,'2020-12-26 14:36:30.000','2020-12-26 14:36:30.000')
,(52,13,NULL,2.500000000000000,NULL,NULL,NULL,NULL,'2020-12-26 14:36:30.000','2020-12-26 14:36:30.000')
,(53,7,NULL,NULL,'Toyota',NULL,NULL,NULL,'2020-12-26 14:36:30.000','2020-12-26 14:36:30.000')
,(53,8,NULL,NULL,'RAV4',NULL,NULL,NULL,'2020-12-26 14:36:30.000','2020-12-26 14:36:30.000')
,(53,9,NULL,NULL,'TYJ97090GYO7584573457553',NULL,NULL,NULL,'2020-12-26 14:36:30.000','2020-12-26 14:36:30.000')
,(53,11,2016,NULL,NULL,NULL,NULL,NULL,'2020-12-26 14:36:30.000','2020-12-26 14:36:30.000')
,(53,12,NULL,NULL,NULL,NULL,1,NULL,'2020-12-26 14:36:30.000','2020-12-26 14:36:30.000')
,(53,13,NULL,2.500000000000000,NULL,NULL,NULL,NULL,'2020-12-26 14:36:30.000','2020-12-26 14:36:30.000')
,(54,7,NULL,NULL,'Mitsubishi',NULL,NULL,NULL,'2020-12-26 14:36:30.000','2020-12-26 14:36:30.000')
,(54,8,NULL,NULL,'Lancer',NULL,NULL,NULL,'2020-12-26 14:36:30.000','2020-12-26 14:36:30.000')
;
INSERT INTO ad_characteristics (ad_id,charact_type_id,number_value,decimal_value,string_value,date_value,flag_value,ref_value,created_at,updated_at) VALUES 
(54,9,NULL,NULL,'TYJ97090GYO7584573457554',NULL,NULL,NULL,'2020-12-26 14:36:30.000','2020-12-26 14:36:30.000')
,(54,11,2016,NULL,NULL,NULL,NULL,NULL,'2020-12-26 14:36:30.000','2020-12-26 14:36:30.000')
,(54,12,NULL,NULL,NULL,NULL,1,NULL,'2020-12-26 14:36:30.000','2020-12-26 14:36:30.000')
,(54,13,NULL,2.500000000000000,NULL,NULL,NULL,NULL,'2020-12-26 14:36:30.000','2020-12-26 14:36:30.000')
,(55,7,NULL,NULL,'BMW',NULL,NULL,NULL,'2020-12-26 14:36:30.000','2020-12-26 14:36:30.000')
,(55,8,NULL,NULL,'M5',NULL,NULL,NULL,'2020-12-26 14:36:30.000','2020-12-26 14:36:30.000')
,(55,9,NULL,NULL,'TYJ97090GYO7584573457555',NULL,NULL,NULL,'2020-12-26 14:36:30.000','2020-12-26 14:36:30.000')
,(55,11,2015,NULL,NULL,NULL,NULL,NULL,'2020-12-26 14:36:30.000','2020-12-26 14:36:30.000')
,(55,12,NULL,NULL,NULL,NULL,1,NULL,'2020-12-26 14:36:30.000','2020-12-26 14:36:30.000')
,(55,13,NULL,2.500000000000000,NULL,NULL,NULL,NULL,'2020-12-26 14:36:30.000','2020-12-26 14:36:30.000')
;
INSERT INTO ad_characteristics (ad_id,charact_type_id,number_value,decimal_value,string_value,date_value,flag_value,ref_value,created_at,updated_at) VALUES 
(56,7,NULL,NULL,'KIA',NULL,NULL,NULL,'2020-12-26 14:36:30.000','2020-12-26 14:36:30.000')
,(56,8,NULL,NULL,'Optima',NULL,NULL,NULL,'2020-12-26 14:36:30.000','2020-12-26 14:36:30.000')
,(56,9,NULL,NULL,'TYJ97090GYO7584573457556',NULL,NULL,NULL,'2020-12-26 14:36:30.000','2020-12-26 14:36:30.000')
,(56,11,2015,NULL,NULL,NULL,NULL,NULL,'2020-12-26 14:36:30.000','2020-12-26 14:36:30.000')
,(56,12,NULL,NULL,NULL,NULL,1,NULL,'2020-12-26 14:36:30.000','2020-12-26 14:36:30.000')
,(56,13,NULL,2.500000000000000,NULL,NULL,NULL,NULL,'2020-12-26 14:36:30.000','2020-12-26 14:36:30.000')
,(57,7,NULL,NULL,'Mercedes',NULL,NULL,NULL,'2020-12-26 14:36:30.000','2020-12-26 14:36:30.000')
,(57,8,NULL,NULL,'A-класс',NULL,NULL,NULL,'2020-12-26 14:36:30.000','2020-12-26 14:36:30.000')
,(57,9,NULL,NULL,'TYJ97090GYO7584573457557',NULL,NULL,NULL,'2020-12-26 14:36:30.000','2020-12-26 14:36:30.000')
,(57,11,2015,NULL,NULL,NULL,NULL,NULL,'2020-12-26 14:36:30.000','2020-12-26 14:36:30.000')
;
INSERT INTO ad_characteristics (ad_id,charact_type_id,number_value,decimal_value,string_value,date_value,flag_value,ref_value,created_at,updated_at) VALUES 
(57,12,NULL,NULL,NULL,NULL,1,NULL,'2020-12-26 14:36:30.000','2020-12-26 14:36:30.000')
,(57,13,NULL,2.500000000000000,NULL,NULL,NULL,NULL,'2020-12-26 14:36:30.000','2020-12-26 14:36:30.000')
,(58,7,NULL,NULL,'Toyota',NULL,NULL,NULL,'2020-12-26 14:36:30.000','2020-12-26 14:36:30.000')
,(58,8,NULL,NULL,'Camry',NULL,NULL,NULL,'2020-12-26 14:36:30.000','2020-12-26 14:36:30.000')
,(58,9,NULL,NULL,'TYJ97090GYO7584573457558',NULL,NULL,NULL,'2020-12-26 14:36:30.000','2020-12-26 14:36:30.000')
,(58,11,2015,NULL,NULL,NULL,NULL,NULL,'2020-12-26 14:36:30.000','2020-12-26 14:36:30.000')
,(58,12,NULL,NULL,NULL,NULL,1,NULL,'2020-12-26 14:36:30.000','2020-12-26 14:36:30.000')
,(58,13,NULL,2.500000000000000,NULL,NULL,NULL,NULL,'2020-12-26 14:36:30.000','2020-12-26 14:36:30.000')
,(59,7,NULL,NULL,'Mitsubishi',NULL,NULL,NULL,'2020-12-26 14:36:30.000','2020-12-26 14:36:30.000')
,(59,8,NULL,NULL,'Outlander',NULL,NULL,NULL,'2020-12-26 14:36:30.000','2020-12-26 14:36:30.000')
;
INSERT INTO ad_characteristics (ad_id,charact_type_id,number_value,decimal_value,string_value,date_value,flag_value,ref_value,created_at,updated_at) VALUES 
(59,9,NULL,NULL,'TYJ97090GYO7584573457559',NULL,NULL,NULL,'2020-12-26 14:36:30.000','2020-12-26 14:36:30.000')
,(59,11,2015,NULL,NULL,NULL,NULL,NULL,'2020-12-26 14:36:30.000','2020-12-26 14:36:30.000')
,(59,12,NULL,NULL,NULL,NULL,1,NULL,'2020-12-26 14:36:30.000','2020-12-26 14:36:30.000')
,(59,13,NULL,2.500000000000000,NULL,NULL,NULL,NULL,'2020-12-26 14:36:30.000','2020-12-26 14:36:30.000')
,(60,7,NULL,NULL,'BMW',NULL,NULL,NULL,'2020-12-26 14:36:30.000','2020-12-26 14:36:30.000')
,(60,8,NULL,NULL,'X5',NULL,NULL,NULL,'2020-12-26 14:36:30.000','2020-12-26 14:36:30.000')
,(60,9,NULL,NULL,'TYJ97090GYO7584573457560',NULL,NULL,NULL,'2020-12-26 14:36:30.000','2020-12-26 14:36:30.000')
,(60,11,2015,NULL,NULL,NULL,NULL,NULL,'2020-12-26 14:36:30.000','2020-12-26 14:36:30.000')
,(60,12,NULL,NULL,NULL,NULL,1,NULL,'2020-12-26 14:36:30.000','2020-12-26 14:36:30.000')
,(60,13,NULL,2.500000000000000,NULL,NULL,NULL,NULL,'2020-12-26 14:36:30.000','2020-12-26 14:36:30.000')
;
INSERT INTO ad_characteristics (ad_id,charact_type_id,number_value,decimal_value,string_value,date_value,flag_value,ref_value,created_at,updated_at) VALUES 
(61,7,NULL,NULL,'KIA',NULL,NULL,NULL,'2020-12-26 14:36:30.000','2020-12-26 14:36:30.000')
,(61,8,NULL,NULL,'Rio',NULL,NULL,NULL,'2020-12-26 14:36:30.000','2020-12-26 14:36:30.000')
,(61,9,NULL,NULL,'TYJ97090GYO7584573457561',NULL,NULL,NULL,'2020-12-26 14:36:30.000','2020-12-26 14:36:30.000')
,(61,11,2015,NULL,NULL,NULL,NULL,NULL,'2020-12-26 14:36:30.000','2020-12-26 14:36:30.000')
,(61,12,NULL,NULL,NULL,NULL,1,NULL,'2020-12-26 14:36:30.000','2020-12-26 14:36:30.000')
,(61,13,NULL,2.500000000000000,NULL,NULL,NULL,NULL,'2020-12-26 14:36:30.000','2020-12-26 14:36:30.000')
,(62,7,NULL,NULL,'Mercedes',NULL,NULL,NULL,'2020-12-26 14:36:30.000','2020-12-26 14:36:30.000')
,(62,8,NULL,NULL,'S-класс',NULL,NULL,NULL,'2020-12-26 14:36:30.000','2020-12-26 14:36:30.000')
,(62,9,NULL,NULL,'TYJ97090GYO7584573457562',NULL,NULL,NULL,'2020-12-26 14:36:30.000','2020-12-26 14:36:30.000')
,(62,11,2015,NULL,NULL,NULL,NULL,NULL,'2020-12-26 14:36:30.000','2020-12-26 14:36:30.000')
;
INSERT INTO ad_characteristics (ad_id,charact_type_id,number_value,decimal_value,string_value,date_value,flag_value,ref_value,created_at,updated_at) VALUES 
(62,12,NULL,NULL,NULL,NULL,1,NULL,'2020-12-26 14:36:30.000','2020-12-26 14:36:30.000')
,(62,13,NULL,2.500000000000000,NULL,NULL,NULL,NULL,'2020-12-26 14:36:30.000','2020-12-26 14:36:30.000')
,(63,7,NULL,NULL,'Toyota',NULL,NULL,NULL,'2020-12-26 14:36:30.000','2020-12-26 14:36:30.000')
,(63,8,NULL,NULL,'Land Cruiser',NULL,NULL,NULL,'2020-12-26 14:36:30.000','2020-12-26 14:36:30.000')
,(63,9,NULL,NULL,'TYJ97090GYO7584573457563',NULL,NULL,NULL,'2020-12-26 14:36:30.000','2020-12-26 14:36:30.000')
,(63,11,2015,NULL,NULL,NULL,NULL,NULL,'2020-12-26 14:36:30.000','2020-12-26 14:36:30.000')
,(63,12,NULL,NULL,NULL,NULL,1,NULL,'2020-12-26 14:36:30.000','2020-12-26 14:36:30.000')
,(63,13,NULL,2.500000000000000,NULL,NULL,NULL,NULL,'2020-12-26 14:36:30.000','2020-12-26 14:36:30.000')
,(64,7,NULL,NULL,'Mitsubishi',NULL,NULL,NULL,'2020-12-26 14:36:30.000','2020-12-26 14:36:30.000')
,(64,8,NULL,NULL,'Pajero',NULL,NULL,NULL,'2020-12-26 14:36:30.000','2020-12-26 14:36:30.000')
;
INSERT INTO ad_characteristics (ad_id,charact_type_id,number_value,decimal_value,string_value,date_value,flag_value,ref_value,created_at,updated_at) VALUES 
(64,9,NULL,NULL,'TYJ97090GYO7584573457564',NULL,NULL,NULL,'2020-12-26 14:36:30.000','2020-12-26 14:36:30.000')
,(64,11,2015,NULL,NULL,NULL,NULL,NULL,'2020-12-26 14:36:30.000','2020-12-26 14:36:30.000')
,(64,12,NULL,NULL,NULL,NULL,1,NULL,'2020-12-26 14:36:30.000','2020-12-26 14:36:30.000')
,(64,13,NULL,2.500000000000000,NULL,NULL,NULL,NULL,'2020-12-26 14:36:30.000','2020-12-26 14:36:30.000')
,(65,7,NULL,NULL,'BMW',NULL,NULL,NULL,'2020-12-26 14:36:30.000','2020-12-26 14:36:30.000')
,(65,8,NULL,NULL,'5 серия',NULL,NULL,NULL,'2020-12-26 14:36:30.000','2020-12-26 14:36:30.000')
,(65,9,NULL,NULL,'TYJ97090GYO7584573457565',NULL,NULL,NULL,'2020-12-26 14:36:30.000','2020-12-26 14:36:30.000')
,(65,11,2015,NULL,NULL,NULL,NULL,NULL,'2020-12-26 14:36:30.000','2020-12-26 14:36:30.000')
,(65,12,NULL,NULL,NULL,NULL,1,NULL,'2020-12-26 14:36:30.000','2020-12-26 14:36:30.000')
,(65,13,NULL,2.500000000000000,NULL,NULL,NULL,NULL,'2020-12-26 14:36:30.000','2020-12-26 14:36:30.000')
;
INSERT INTO ad_characteristics (ad_id,charact_type_id,number_value,decimal_value,string_value,date_value,flag_value,ref_value,created_at,updated_at) VALUES 
(66,7,NULL,NULL,'KIA',NULL,NULL,NULL,'2020-12-26 14:36:30.000','2020-12-26 14:36:30.000')
,(66,8,NULL,NULL,'Sorento',NULL,NULL,NULL,'2020-12-26 14:36:30.000','2020-12-26 14:36:30.000')
,(66,9,NULL,NULL,'TYJ97090GYO7584573457566',NULL,NULL,NULL,'2020-12-26 14:36:30.000','2020-12-26 14:36:30.000')
,(66,11,2014,NULL,NULL,NULL,NULL,NULL,'2020-12-26 14:36:30.000','2020-12-26 14:36:30.000')
,(66,12,NULL,NULL,NULL,NULL,1,NULL,'2020-12-26 14:36:30.000','2020-12-26 14:36:30.000')
,(66,13,NULL,2.500000000000000,NULL,NULL,NULL,NULL,'2020-12-26 14:36:30.000','2020-12-26 14:36:30.000')
,(67,7,NULL,NULL,'Mercedes',NULL,NULL,NULL,'2020-12-26 14:36:30.000','2020-12-26 14:36:30.000')
,(67,8,NULL,NULL,'E-класс',NULL,NULL,NULL,'2020-12-26 14:36:30.000','2020-12-26 14:36:30.000')
,(67,9,NULL,NULL,'TYJ97090GYO7584573457567',NULL,NULL,NULL,'2020-12-26 14:36:30.000','2020-12-26 14:36:30.000')
,(67,11,2014,NULL,NULL,NULL,NULL,NULL,'2020-12-26 14:36:30.000','2020-12-26 14:36:30.000')
;
INSERT INTO ad_characteristics (ad_id,charact_type_id,number_value,decimal_value,string_value,date_value,flag_value,ref_value,created_at,updated_at) VALUES 
(67,12,NULL,NULL,NULL,NULL,1,NULL,'2020-12-26 14:36:30.000','2020-12-26 14:36:30.000')
,(67,13,NULL,2.500000000000000,NULL,NULL,NULL,NULL,'2020-12-26 14:36:30.000','2020-12-26 14:36:30.000')
,(68,7,NULL,NULL,'Toyota',NULL,NULL,NULL,'2020-12-26 14:36:30.000','2020-12-26 14:36:30.000')
,(68,8,NULL,NULL,'RAV4',NULL,NULL,NULL,'2020-12-26 14:36:30.000','2020-12-26 14:36:30.000')
,(68,9,NULL,NULL,'TYJ97090GYO7584573457568',NULL,NULL,NULL,'2020-12-26 14:36:30.000','2020-12-26 14:36:30.000')
,(68,11,2014,NULL,NULL,NULL,NULL,NULL,'2020-12-26 14:36:30.000','2020-12-26 14:36:30.000')
,(68,12,NULL,NULL,NULL,NULL,1,NULL,'2020-12-26 14:36:30.000','2020-12-26 14:36:30.000')
,(68,13,NULL,2.500000000000000,NULL,NULL,NULL,NULL,'2020-12-26 14:36:30.000','2020-12-26 14:36:30.000')
,(69,7,NULL,NULL,'Mitsubishi',NULL,NULL,NULL,'2020-12-26 14:36:30.000','2020-12-26 14:36:30.000')
,(69,8,NULL,NULL,'Lancer',NULL,NULL,NULL,'2020-12-26 14:36:30.000','2020-12-26 14:36:30.000')
;
INSERT INTO ad_characteristics (ad_id,charact_type_id,number_value,decimal_value,string_value,date_value,flag_value,ref_value,created_at,updated_at) VALUES 
(69,9,NULL,NULL,'TYJ97090GYO7584573457569',NULL,NULL,NULL,'2020-12-26 14:36:30.000','2020-12-26 14:36:30.000')
,(69,11,2014,NULL,NULL,NULL,NULL,NULL,'2020-12-26 14:36:30.000','2020-12-26 14:36:30.000')
,(69,12,NULL,NULL,NULL,NULL,1,NULL,'2020-12-26 14:36:30.000','2020-12-26 14:36:30.000')
,(69,13,NULL,2.500000000000000,NULL,NULL,NULL,NULL,'2020-12-26 14:36:30.000','2020-12-26 14:36:30.000')
,(70,7,NULL,NULL,'BMW',NULL,NULL,NULL,'2020-12-26 14:36:30.000','2020-12-26 14:36:30.000')
,(70,8,NULL,NULL,'M5',NULL,NULL,NULL,'2020-12-26 14:36:30.000','2020-12-26 14:36:30.000')
,(70,9,NULL,NULL,'TYJ97090GYO7584573457570',NULL,NULL,NULL,'2020-12-26 14:36:30.000','2020-12-26 14:36:30.000')
,(70,11,2014,NULL,NULL,NULL,NULL,NULL,'2020-12-26 14:36:30.000','2020-12-26 14:36:30.000')
,(70,12,NULL,NULL,NULL,NULL,1,NULL,'2020-12-26 14:36:30.000','2020-12-26 14:36:30.000')
,(70,13,NULL,2.500000000000000,NULL,NULL,NULL,NULL,'2020-12-26 14:36:30.000','2020-12-26 14:36:30.000')
;
INSERT INTO ad_characteristics (ad_id,charact_type_id,number_value,decimal_value,string_value,date_value,flag_value,ref_value,created_at,updated_at) VALUES 
(71,7,NULL,NULL,'KIA',NULL,NULL,NULL,'2020-12-26 14:36:30.000','2020-12-26 14:36:30.000')
,(71,8,NULL,NULL,'Optima',NULL,NULL,NULL,'2020-12-26 14:36:30.000','2020-12-26 14:36:30.000')
,(71,9,NULL,NULL,'TYJ97090GYO7584573457571',NULL,NULL,NULL,'2020-12-26 14:36:30.000','2020-12-26 14:36:30.000')
,(71,11,2014,NULL,NULL,NULL,NULL,NULL,'2020-12-26 14:36:30.000','2020-12-26 14:36:30.000')
,(71,12,NULL,NULL,NULL,NULL,1,NULL,'2020-12-26 14:36:30.000','2020-12-26 14:36:30.000')
,(71,13,NULL,2.500000000000000,NULL,NULL,NULL,NULL,'2020-12-26 14:36:30.000','2020-12-26 14:36:30.000')
,(72,7,NULL,NULL,'Mercedes',NULL,NULL,NULL,'2020-12-26 14:36:30.000','2020-12-26 14:36:30.000')
,(72,8,NULL,NULL,'A-класс',NULL,NULL,NULL,'2020-12-26 14:36:30.000','2020-12-26 14:36:30.000')
,(72,9,NULL,NULL,'TYJ97090GYO7584573457572',NULL,NULL,NULL,'2020-12-26 14:36:30.000','2020-12-26 14:36:30.000')
,(72,11,2014,NULL,NULL,NULL,NULL,NULL,'2020-12-26 14:36:30.000','2020-12-26 14:36:30.000')
;
INSERT INTO ad_characteristics (ad_id,charact_type_id,number_value,decimal_value,string_value,date_value,flag_value,ref_value,created_at,updated_at) VALUES 
(72,12,NULL,NULL,NULL,NULL,1,NULL,'2020-12-26 14:36:30.000','2020-12-26 14:36:30.000')
,(72,13,NULL,2.500000000000000,NULL,NULL,NULL,NULL,'2020-12-26 14:36:30.000','2020-12-26 14:36:30.000')
,(73,7,NULL,NULL,'Toyota',NULL,NULL,NULL,'2020-12-26 14:36:30.000','2020-12-26 14:36:30.000')
,(73,8,NULL,NULL,'Camry',NULL,NULL,NULL,'2020-12-26 14:36:30.000','2020-12-26 14:36:30.000')
,(73,9,NULL,NULL,'TYJ97090GYO7584573457573',NULL,NULL,NULL,'2020-12-26 14:36:30.000','2020-12-26 14:36:30.000')
,(73,11,2014,NULL,NULL,NULL,NULL,NULL,'2020-12-26 14:36:30.000','2020-12-26 14:36:30.000')
,(73,12,NULL,NULL,NULL,NULL,1,NULL,'2020-12-26 14:36:30.000','2020-12-26 14:36:30.000')
,(73,13,NULL,2.500000000000000,NULL,NULL,NULL,NULL,'2020-12-26 14:36:30.000','2020-12-26 14:36:30.000')
,(74,7,NULL,NULL,'Mitsubishi',NULL,NULL,NULL,'2020-12-26 14:36:30.000','2020-12-26 14:36:30.000')
,(74,8,NULL,NULL,'Outlander',NULL,NULL,NULL,'2020-12-26 14:36:30.000','2020-12-26 14:36:30.000')
;
INSERT INTO ad_characteristics (ad_id,charact_type_id,number_value,decimal_value,string_value,date_value,flag_value,ref_value,created_at,updated_at) VALUES 
(74,9,NULL,NULL,'TYJ97090GYO7584573457574',NULL,NULL,NULL,'2020-12-26 14:36:30.000','2020-12-26 14:36:30.000')
,(74,11,2014,NULL,NULL,NULL,NULL,NULL,'2020-12-26 14:36:30.000','2020-12-26 14:36:30.000')
,(74,12,NULL,NULL,NULL,NULL,1,NULL,'2020-12-26 14:36:30.000','2020-12-26 14:36:30.000')
,(74,13,NULL,2.500000000000000,NULL,NULL,NULL,NULL,'2020-12-26 14:36:30.000','2020-12-26 14:36:30.000')
,(75,7,NULL,NULL,'BMW',NULL,NULL,NULL,'2020-12-26 14:36:30.000','2020-12-26 14:36:30.000')
,(75,8,NULL,NULL,'X5',NULL,NULL,NULL,'2020-12-26 14:36:30.000','2020-12-26 14:36:30.000')
,(75,9,NULL,NULL,'TYJ97090GYO7584573457575',NULL,NULL,NULL,'2020-12-26 14:36:30.000','2020-12-26 14:36:30.000')
,(75,11,2014,NULL,NULL,NULL,NULL,NULL,'2020-12-26 14:36:30.000','2020-12-26 14:36:30.000')
,(75,12,NULL,NULL,NULL,NULL,1,NULL,'2020-12-26 14:36:30.000','2020-12-26 14:36:30.000')
,(75,13,NULL,2.500000000000000,NULL,NULL,NULL,NULL,'2020-12-26 14:36:30.000','2020-12-26 14:36:30.000')
;
INSERT INTO ad_characteristics (ad_id,charact_type_id,number_value,decimal_value,string_value,date_value,flag_value,ref_value,created_at,updated_at) VALUES 
(76,7,NULL,NULL,'KIA',NULL,NULL,NULL,'2020-12-26 14:36:30.000','2020-12-26 14:36:30.000')
,(76,8,NULL,NULL,'Rio',NULL,NULL,NULL,'2020-12-26 14:36:30.000','2020-12-26 14:36:30.000')
,(76,9,NULL,NULL,'TYJ97090GYO7584573457576',NULL,NULL,NULL,'2020-12-26 14:36:30.000','2020-12-26 14:36:30.000')
,(76,11,2014,NULL,NULL,NULL,NULL,NULL,'2020-12-26 14:36:30.000','2020-12-26 14:36:30.000')
,(76,12,NULL,NULL,NULL,NULL,1,NULL,'2020-12-26 14:36:30.000','2020-12-26 14:36:30.000')
,(76,13,NULL,2.500000000000000,NULL,NULL,NULL,NULL,'2020-12-26 14:36:30.000','2020-12-26 14:36:30.000')
,(77,7,NULL,NULL,'Mercedes',NULL,NULL,NULL,'2020-12-26 14:36:30.000','2020-12-26 14:36:30.000')
,(77,8,NULL,NULL,'S-класс',NULL,NULL,NULL,'2020-12-26 14:36:30.000','2020-12-26 14:36:30.000')
,(77,9,NULL,NULL,'TYJ97090GYO7584573457577',NULL,NULL,NULL,'2020-12-26 14:36:30.000','2020-12-26 14:36:30.000')
,(77,11,2013,NULL,NULL,NULL,NULL,NULL,'2020-12-26 14:36:30.000','2020-12-26 14:36:30.000')
;
INSERT INTO ad_characteristics (ad_id,charact_type_id,number_value,decimal_value,string_value,date_value,flag_value,ref_value,created_at,updated_at) VALUES 
(77,12,NULL,NULL,NULL,NULL,1,NULL,'2020-12-26 14:36:30.000','2020-12-26 14:36:30.000')
,(77,13,NULL,2.500000000000000,NULL,NULL,NULL,NULL,'2020-12-26 14:36:30.000','2020-12-26 14:36:30.000')
,(78,7,NULL,NULL,'Toyota',NULL,NULL,NULL,'2020-12-26 14:36:30.000','2020-12-26 14:36:30.000')
,(78,8,NULL,NULL,'Land Cruiser',NULL,NULL,NULL,'2020-12-26 14:36:30.000','2020-12-26 14:36:30.000')
,(78,9,NULL,NULL,'TYJ97090GYO7584573457578',NULL,NULL,NULL,'2020-12-26 14:36:30.000','2020-12-26 14:36:30.000')
,(78,11,2013,NULL,NULL,NULL,NULL,NULL,'2020-12-26 14:36:30.000','2020-12-26 14:36:30.000')
,(78,12,NULL,NULL,NULL,NULL,1,NULL,'2020-12-26 14:36:30.000','2020-12-26 14:36:30.000')
,(78,13,NULL,2.500000000000000,NULL,NULL,NULL,NULL,'2020-12-26 14:36:30.000','2020-12-26 14:36:30.000')
,(79,7,NULL,NULL,'Mitsubishi',NULL,NULL,NULL,'2020-12-26 14:36:30.000','2020-12-26 14:36:30.000')
,(79,8,NULL,NULL,'Pajero',NULL,NULL,NULL,'2020-12-26 14:36:30.000','2020-12-26 14:36:30.000')
;
INSERT INTO ad_characteristics (ad_id,charact_type_id,number_value,decimal_value,string_value,date_value,flag_value,ref_value,created_at,updated_at) VALUES 
(79,9,NULL,NULL,'TYJ97090GYO7584573457579',NULL,NULL,NULL,'2020-12-26 14:36:30.000','2020-12-26 14:36:30.000')
,(79,11,2013,NULL,NULL,NULL,NULL,NULL,'2020-12-26 14:36:30.000','2020-12-26 14:36:30.000')
,(79,12,NULL,NULL,NULL,NULL,1,NULL,'2020-12-26 14:36:30.000','2020-12-26 14:36:30.000')
,(79,13,NULL,2.500000000000000,NULL,NULL,NULL,NULL,'2020-12-26 14:36:30.000','2020-12-26 14:36:30.000')
,(80,7,NULL,NULL,'BMW',NULL,NULL,NULL,'2020-12-26 14:36:30.000','2020-12-26 14:36:30.000')
,(80,8,NULL,NULL,'5 серия',NULL,NULL,NULL,'2020-12-26 14:36:30.000','2020-12-26 14:36:30.000')
,(80,9,NULL,NULL,'TYJ97090GYO7584573457580',NULL,NULL,NULL,'2020-12-26 14:36:30.000','2020-12-26 14:36:30.000')
,(80,11,2013,NULL,NULL,NULL,NULL,NULL,'2020-12-26 14:36:30.000','2020-12-26 14:36:30.000')
,(80,12,NULL,NULL,NULL,NULL,1,NULL,'2020-12-26 14:36:30.000','2020-12-26 14:36:30.000')
,(80,13,NULL,2.500000000000000,NULL,NULL,NULL,NULL,'2020-12-26 14:36:30.000','2020-12-26 14:36:30.000')
;
INSERT INTO ad_characteristics (ad_id,charact_type_id,number_value,decimal_value,string_value,date_value,flag_value,ref_value,created_at,updated_at) VALUES 
(81,7,NULL,NULL,'KIA',NULL,NULL,NULL,'2020-12-26 14:36:30.000','2020-12-26 14:36:30.000')
,(81,8,NULL,NULL,'Sorento',NULL,NULL,NULL,'2020-12-26 14:36:30.000','2020-12-26 14:36:30.000')
,(81,9,NULL,NULL,'TYJ97090GYO7584573457581',NULL,NULL,NULL,'2020-12-26 14:36:30.000','2020-12-26 14:36:30.000')
,(81,11,2013,NULL,NULL,NULL,NULL,NULL,'2020-12-26 14:36:30.000','2020-12-26 14:36:30.000')
,(81,12,NULL,NULL,NULL,NULL,1,NULL,'2020-12-26 14:36:30.000','2020-12-26 14:36:30.000')
,(81,13,NULL,2.500000000000000,NULL,NULL,NULL,NULL,'2020-12-26 14:36:30.000','2020-12-26 14:36:30.000')
,(82,7,NULL,NULL,'Mercedes',NULL,NULL,NULL,'2020-12-26 14:36:30.000','2020-12-26 14:36:30.000')
,(82,8,NULL,NULL,'E-класс',NULL,NULL,NULL,'2020-12-26 14:36:30.000','2020-12-26 14:36:30.000')
,(82,9,NULL,NULL,'TYJ97090GYO7584573457582',NULL,NULL,NULL,'2020-12-26 14:36:30.000','2020-12-26 14:36:30.000')
,(82,11,2013,NULL,NULL,NULL,NULL,NULL,'2020-12-26 14:36:30.000','2020-12-26 14:36:30.000')
;
INSERT INTO ad_characteristics (ad_id,charact_type_id,number_value,decimal_value,string_value,date_value,flag_value,ref_value,created_at,updated_at) VALUES 
(82,12,NULL,NULL,NULL,NULL,1,NULL,'2020-12-26 14:36:30.000','2020-12-26 14:36:30.000')
,(82,13,NULL,2.500000000000000,NULL,NULL,NULL,NULL,'2020-12-26 14:36:30.000','2020-12-26 14:36:30.000')
,(83,7,NULL,NULL,'Toyota',NULL,NULL,NULL,'2020-12-26 14:36:30.000','2020-12-26 14:36:30.000')
,(83,8,NULL,NULL,'RAV4',NULL,NULL,NULL,'2020-12-26 14:36:30.000','2020-12-26 14:36:30.000')
,(83,9,NULL,NULL,'TYJ97090GYO7584573457583',NULL,NULL,NULL,'2020-12-26 14:36:30.000','2020-12-26 14:36:30.000')
,(83,11,2013,NULL,NULL,NULL,NULL,NULL,'2020-12-26 14:36:30.000','2020-12-26 14:36:30.000')
,(83,12,NULL,NULL,NULL,NULL,1,NULL,'2020-12-26 14:36:30.000','2020-12-26 14:36:30.000')
,(83,13,NULL,2.500000000000000,NULL,NULL,NULL,NULL,'2020-12-26 14:36:30.000','2020-12-26 14:36:30.000')
,(84,7,NULL,NULL,'Mitsubishi',NULL,NULL,NULL,'2020-12-26 14:36:30.000','2020-12-26 14:36:30.000')
,(84,8,NULL,NULL,'Lancer',NULL,NULL,NULL,'2020-12-26 14:36:30.000','2020-12-26 14:36:30.000')
;
INSERT INTO ad_characteristics (ad_id,charact_type_id,number_value,decimal_value,string_value,date_value,flag_value,ref_value,created_at,updated_at) VALUES 
(84,9,NULL,NULL,'TYJ97090GYO7584573457584',NULL,NULL,NULL,'2020-12-26 14:36:30.000','2020-12-26 14:36:30.000')
,(84,11,2013,NULL,NULL,NULL,NULL,NULL,'2020-12-26 14:36:30.000','2020-12-26 14:36:30.000')
,(84,12,NULL,NULL,NULL,NULL,1,NULL,'2020-12-26 14:36:30.000','2020-12-26 14:36:30.000')
,(84,13,NULL,2.500000000000000,NULL,NULL,NULL,NULL,'2020-12-26 14:36:30.000','2020-12-26 14:36:30.000')
,(85,7,NULL,NULL,'BMW',NULL,NULL,NULL,'2020-12-26 14:36:30.000','2020-12-26 14:36:30.000')
,(85,8,NULL,NULL,'M5',NULL,NULL,NULL,'2020-12-26 14:36:30.000','2020-12-26 14:36:30.000')
,(85,9,NULL,NULL,'TYJ97090GYO7584573457585',NULL,NULL,NULL,'2020-12-26 14:36:30.000','2020-12-26 14:36:30.000')
,(85,11,2013,NULL,NULL,NULL,NULL,NULL,'2020-12-26 14:36:30.000','2020-12-26 14:36:30.000')
,(85,12,NULL,NULL,NULL,NULL,1,NULL,'2020-12-26 14:36:30.000','2020-12-26 14:36:30.000')
,(85,13,NULL,2.500000000000000,NULL,NULL,NULL,NULL,'2020-12-26 14:36:30.000','2020-12-26 14:36:30.000')
;
INSERT INTO ad_characteristics (ad_id,charact_type_id,number_value,decimal_value,string_value,date_value,flag_value,ref_value,created_at,updated_at) VALUES 
(86,7,NULL,NULL,'KIA',NULL,NULL,NULL,'2020-12-26 14:36:30.000','2020-12-26 14:36:30.000')
,(86,8,NULL,NULL,'Optima',NULL,NULL,NULL,'2020-12-26 14:36:30.000','2020-12-26 14:36:30.000')
,(86,9,NULL,NULL,'TYJ97090GYO7584573457586',NULL,NULL,NULL,'2020-12-26 14:36:30.000','2020-12-26 14:36:30.000')
,(86,11,2013,NULL,NULL,NULL,NULL,NULL,'2020-12-26 14:36:30.000','2020-12-26 14:36:30.000')
,(86,12,NULL,NULL,NULL,NULL,1,NULL,'2020-12-26 14:36:30.000','2020-12-26 14:36:30.000')
,(86,13,NULL,2.500000000000000,NULL,NULL,NULL,NULL,'2020-12-26 14:36:30.000','2020-12-26 14:36:30.000')
,(87,7,NULL,NULL,'Mercedes',NULL,NULL,NULL,'2020-12-26 14:36:30.000','2020-12-26 14:36:30.000')
,(87,8,NULL,NULL,'A-класс',NULL,NULL,NULL,'2020-12-26 14:36:30.000','2020-12-26 14:36:30.000')
,(87,9,NULL,NULL,'TYJ97090GYO7584573457587',NULL,NULL,NULL,'2020-12-26 14:36:30.000','2020-12-26 14:36:30.000')
,(87,11,2013,NULL,NULL,NULL,NULL,NULL,'2020-12-26 14:36:30.000','2020-12-26 14:36:30.000')
;
INSERT INTO ad_characteristics (ad_id,charact_type_id,number_value,decimal_value,string_value,date_value,flag_value,ref_value,created_at,updated_at) VALUES 
(87,12,NULL,NULL,NULL,NULL,1,NULL,'2020-12-26 14:36:30.000','2020-12-26 14:36:30.000')
,(87,13,NULL,2.500000000000000,NULL,NULL,NULL,NULL,'2020-12-26 14:36:30.000','2020-12-26 14:36:30.000')
,(88,7,NULL,NULL,'Toyota',NULL,NULL,NULL,'2020-12-26 14:36:30.000','2020-12-26 14:36:30.000')
,(88,8,NULL,NULL,'Camry',NULL,NULL,NULL,'2020-12-26 14:36:30.000','2020-12-26 14:36:30.000')
,(88,9,NULL,NULL,'TYJ97090GYO7584573457588',NULL,NULL,NULL,'2020-12-26 14:36:30.000','2020-12-26 14:36:30.000')
,(88,11,2012,NULL,NULL,NULL,NULL,NULL,'2020-12-26 14:36:30.000','2020-12-26 14:36:30.000')
,(88,12,NULL,NULL,NULL,NULL,1,NULL,'2020-12-26 14:36:30.000','2020-12-26 14:36:30.000')
,(88,13,NULL,2.500000000000000,NULL,NULL,NULL,NULL,'2020-12-26 14:36:30.000','2020-12-26 14:36:30.000')
,(89,7,NULL,NULL,'Mitsubishi',NULL,NULL,NULL,'2020-12-26 14:36:30.000','2020-12-26 14:36:30.000')
,(89,8,NULL,NULL,'Outlander',NULL,NULL,NULL,'2020-12-26 14:36:30.000','2020-12-26 14:36:30.000')
;
INSERT INTO ad_characteristics (ad_id,charact_type_id,number_value,decimal_value,string_value,date_value,flag_value,ref_value,created_at,updated_at) VALUES 
(89,9,NULL,NULL,'TYJ97090GYO7584573457589',NULL,NULL,NULL,'2020-12-26 14:36:30.000','2020-12-26 14:36:30.000')
,(89,11,2012,NULL,NULL,NULL,NULL,NULL,'2020-12-26 14:36:30.000','2020-12-26 14:36:30.000')
,(89,12,NULL,NULL,NULL,NULL,1,NULL,'2020-12-26 14:36:30.000','2020-12-26 14:36:30.000')
,(89,13,NULL,2.500000000000000,NULL,NULL,NULL,NULL,'2020-12-26 14:36:30.000','2020-12-26 14:36:30.000')
,(90,7,NULL,NULL,'BMW',NULL,NULL,NULL,'2020-12-26 14:36:30.000','2020-12-26 14:36:30.000')
,(90,8,NULL,NULL,'X5',NULL,NULL,NULL,'2020-12-26 14:36:30.000','2020-12-26 14:36:30.000')
,(90,9,NULL,NULL,'TYJ97090GYO7584573457590',NULL,NULL,NULL,'2020-12-26 14:36:30.000','2020-12-26 14:36:30.000')
,(90,11,2012,NULL,NULL,NULL,NULL,NULL,'2020-12-26 14:36:30.000','2020-12-26 14:36:30.000')
,(90,12,NULL,NULL,NULL,NULL,1,NULL,'2020-12-26 14:36:30.000','2020-12-26 14:36:30.000')
,(90,13,NULL,2.500000000000000,NULL,NULL,NULL,NULL,'2020-12-26 14:36:30.000','2020-12-26 14:36:30.000')
;
INSERT INTO ad_characteristics (ad_id,charact_type_id,number_value,decimal_value,string_value,date_value,flag_value,ref_value,created_at,updated_at) VALUES 
(91,7,NULL,NULL,'KIA',NULL,NULL,NULL,'2020-12-26 14:36:30.000','2020-12-26 14:36:30.000')
,(91,8,NULL,NULL,'Rio',NULL,NULL,NULL,'2020-12-26 14:36:30.000','2020-12-26 14:36:30.000')
,(91,9,NULL,NULL,'TYJ97090GYO7584573457591',NULL,NULL,NULL,'2020-12-26 14:36:30.000','2020-12-26 14:36:30.000')
,(91,11,2012,NULL,NULL,NULL,NULL,NULL,'2020-12-26 14:36:30.000','2020-12-26 14:36:30.000')
,(91,12,NULL,NULL,NULL,NULL,1,NULL,'2020-12-26 14:36:30.000','2020-12-26 14:36:30.000')
,(91,13,NULL,2.500000000000000,NULL,NULL,NULL,NULL,'2020-12-26 14:36:30.000','2020-12-26 14:36:30.000')
,(92,7,NULL,NULL,'Mercedes',NULL,NULL,NULL,'2020-12-26 14:36:30.000','2020-12-26 14:36:30.000')
,(92,8,NULL,NULL,'S-класс',NULL,NULL,NULL,'2020-12-26 14:36:30.000','2020-12-26 14:36:30.000')
,(92,9,NULL,NULL,'TYJ97090GYO7584573457592',NULL,NULL,NULL,'2020-12-26 14:36:30.000','2020-12-26 14:36:30.000')
,(92,11,2012,NULL,NULL,NULL,NULL,NULL,'2020-12-26 14:36:30.000','2020-12-26 14:36:30.000')
;
INSERT INTO ad_characteristics (ad_id,charact_type_id,number_value,decimal_value,string_value,date_value,flag_value,ref_value,created_at,updated_at) VALUES 
(92,12,NULL,NULL,NULL,NULL,1,NULL,'2020-12-26 14:36:30.000','2020-12-26 14:36:30.000')
,(92,13,NULL,2.500000000000000,NULL,NULL,NULL,NULL,'2020-12-26 14:36:30.000','2020-12-26 14:36:30.000')
,(93,7,NULL,NULL,'Toyota',NULL,NULL,NULL,'2020-12-26 14:36:30.000','2020-12-26 14:36:30.000')
,(93,8,NULL,NULL,'Land Cruiser',NULL,NULL,NULL,'2020-12-26 14:36:30.000','2020-12-26 14:36:30.000')
,(93,9,NULL,NULL,'TYJ97090GYO7584573457593',NULL,NULL,NULL,'2020-12-26 14:36:30.000','2020-12-26 14:36:30.000')
,(93,11,2012,NULL,NULL,NULL,NULL,NULL,'2020-12-26 14:36:30.000','2020-12-26 14:36:30.000')
,(93,12,NULL,NULL,NULL,NULL,1,NULL,'2020-12-26 14:36:30.000','2020-12-26 14:36:30.000')
,(93,13,NULL,2.500000000000000,NULL,NULL,NULL,NULL,'2020-12-26 14:36:30.000','2020-12-26 14:36:30.000')
,(94,7,NULL,NULL,'Mitsubishi',NULL,NULL,NULL,'2020-12-26 14:36:30.000','2020-12-26 14:36:30.000')
,(94,8,NULL,NULL,'Pajero',NULL,NULL,NULL,'2020-12-26 14:36:30.000','2020-12-26 14:36:30.000')
;
INSERT INTO ad_characteristics (ad_id,charact_type_id,number_value,decimal_value,string_value,date_value,flag_value,ref_value,created_at,updated_at) VALUES 
(94,9,NULL,NULL,'TYJ97090GYO7584573457594',NULL,NULL,NULL,'2020-12-26 14:36:30.000','2020-12-26 14:36:30.000')
,(94,11,2012,NULL,NULL,NULL,NULL,NULL,'2020-12-26 14:36:30.000','2020-12-26 14:36:30.000')
,(94,12,NULL,NULL,NULL,NULL,1,NULL,'2020-12-26 14:36:30.000','2020-12-26 14:36:30.000')
,(94,13,NULL,2.500000000000000,NULL,NULL,NULL,NULL,'2020-12-26 14:36:30.000','2020-12-26 14:36:30.000')
,(95,7,NULL,NULL,'BMW',NULL,NULL,NULL,'2020-12-26 14:36:30.000','2020-12-26 14:36:30.000')
,(95,8,NULL,NULL,'5 серия',NULL,NULL,NULL,'2020-12-26 14:36:30.000','2020-12-26 14:36:30.000')
,(95,9,NULL,NULL,'TYJ97090GYO7584573457595',NULL,NULL,NULL,'2020-12-26 14:36:30.000','2020-12-26 14:36:30.000')
,(95,11,2012,NULL,NULL,NULL,NULL,NULL,'2020-12-26 14:36:30.000','2020-12-26 14:36:30.000')
,(95,12,NULL,NULL,NULL,NULL,1,NULL,'2020-12-26 14:36:30.000','2020-12-26 14:36:30.000')
,(95,13,NULL,2.500000000000000,NULL,NULL,NULL,NULL,'2020-12-26 14:36:30.000','2020-12-26 14:36:30.000')
;
INSERT INTO ad_characteristics (ad_id,charact_type_id,number_value,decimal_value,string_value,date_value,flag_value,ref_value,created_at,updated_at) VALUES 
(96,7,NULL,NULL,'KIA',NULL,NULL,NULL,'2020-12-26 14:36:30.000','2020-12-26 14:36:30.000')
,(96,8,NULL,NULL,'Sorento',NULL,NULL,NULL,'2020-12-26 14:36:30.000','2020-12-26 14:36:30.000')
,(96,9,NULL,NULL,'TYJ97090GYO7584573457596',NULL,NULL,NULL,'2020-12-26 14:36:30.000','2020-12-26 14:36:30.000')
,(96,11,2012,NULL,NULL,NULL,NULL,NULL,'2020-12-26 14:36:30.000','2020-12-26 14:36:30.000')
,(96,12,NULL,NULL,NULL,NULL,1,NULL,'2020-12-26 14:36:30.000','2020-12-26 14:36:30.000')
,(96,13,NULL,2.500000000000000,NULL,NULL,NULL,NULL,'2020-12-26 14:36:30.000','2020-12-26 14:36:30.000')
;